fname,colid,fsid,from_alpha,to_alpha
68779923_2_1000046510804975562.csv,0,1,0.00100,0.10500
68779923_2_1000046510804975562.csv,0,2,0.00100,0.19100
68779923_2_1000046510804975562.csv,0,3,0.00200,0.65700
68779923_2_1000046510804975562.csv,0,4,0.07400,0.65200
68779923_2_1000046510804975562.csv,0,5,0.13500,0.64700
71137051_0_8039724067857124984.csv,0,1,0.00100,0.00700
71137051_0_8039724067857124984.csv,0,2,0.00100,0.01400
71137051_0_8039724067857124984.csv,0,3,0.00100,0.37400
71137051_0_8039724067857124984.csv,0,4,0.00600,0.77200
71137051_0_8039724067857124984.csv,0,5,0.01100,0.86100
39650055_5_7135804139753401681.csv,1,1,0.00100,0.01800
39650055_5_7135804139753401681.csv,1,2,0.00100,0.03700
39650055_5_7135804139753401681.csv,1,3,0.01400,0.44600
39650055_5_7135804139753401681.csv,1,4,0.13200,0.66200
39650055_5_7135804139753401681.csv,1,5,0.22500,0.64400
64207896_0_3206705146602325658.csv,0,1,-1.00000,-1.00000
64207896_0_3206705146602325658.csv,0,2,-1.00000,-1.00000
64207896_0_3206705146602325658.csv,0,3,0.00200,0.00300
64207896_0_3206705146602325658.csv,0,4,0.06900,0.08500
64207896_0_3206705146602325658.csv,0,5,0.12700,0.15400
90593344_0_8311455501234425088.csv,1,1,0.00100,0.36100
90593344_0_8311455501234425088.csv,1,2,0.00100,0.52900
90593344_0_8311455501234425088.csv,1,3,0.00300,0.87900
90593344_0_8311455501234425088.csv,1,4,0.06100,0.88200
90593344_0_8311455501234425088.csv,1,5,0.11300,0.87900
41839679_0_3009344178474568371.csv,1,1,-1.00000,-1.00000
41839679_0_3009344178474568371.csv,1,2,-1.00000,-1.00000
41839679_0_3009344178474568371.csv,1,3,0.00200,0.00200
41839679_0_3009344178474568371.csv,1,4,-1.00000,-1.00000
41839679_0_3009344178474568371.csv,1,5,-1.00000,-1.00000
12125836_0_1134348206297032434.csv,1,1,-1.00000,-1.00000
12125836_0_1134348206297032434.csv,1,2,-1.00000,-1.00000
12125836_0_1134348206297032434.csv,1,3,-1.00000,-1.00000
12125836_0_1134348206297032434.csv,1,4,-1.00000,-1.00000
12125836_0_1134348206297032434.csv,1,5,-1.00000,-1.00000
2066887_0_746204117268168398.csv,0,1,0.00100,0.08700
2066887_0_746204117268168398.csv,0,2,0.00100,0.15900
2066887_0_746204117268168398.csv,0,3,0.00100,0.49800
2066887_0_746204117268168398.csv,0,4,0.00100,0.68700
2066887_0_746204117268168398.csv,0,5,0.00200,0.77200
24859353_0_7027810986004269522.csv,1,1,0.00100,0.08600
24859353_0_7027810986004269522.csv,1,2,0.00100,0.15900
24859353_0_7027810986004269522.csv,1,3,0.00200,0.73500
24859353_0_7027810986004269522.csv,1,4,0.05800,0.73200
24859353_0_7027810986004269522.csv,1,5,0.10800,0.72800
37856682_0_6818907050314633217.csv,1,1,-1.00000,-1.00000
37856682_0_6818907050314633217.csv,1,2,-1.00000,-1.00000
37856682_0_6818907050314633217.csv,1,3,-1.00000,-1.00000
37856682_0_6818907050314633217.csv,1,4,-1.00000,-1.00000
37856682_0_6818907050314633217.csv,1,5,-1.00000,-1.00000
29414811_13_8724394428539174350.csv,1,1,-1.00000,-1.00000
29414811_13_8724394428539174350.csv,1,2,-1.00000,-1.00000
29414811_13_8724394428539174350.csv,1,3,0.00100,0.04400
29414811_13_8724394428539174350.csv,1,4,0.00100,0.35700
29414811_13_8724394428539174350.csv,1,5,0.00100,0.51500
55961337_0_6548713781034932742.csv,1,1,-1.00000,-1.00000
55961337_0_6548713781034932742.csv,1,2,-1.00000,-1.00000
55961337_0_6548713781034932742.csv,1,3,-1.00000,-1.00000
55961337_0_6548713781034932742.csv,1,4,-1.00000,-1.00000
55961337_0_6548713781034932742.csv,1,5,-1.00000,-1.00000
5873256_0_7795190905731964989.csv,1,1,-1.00000,-1.00000
5873256_0_7795190905731964989.csv,1,2,-1.00000,-1.00000
5873256_0_7795190905731964989.csv,1,3,0.00100,0.08300
5873256_0_7795190905731964989.csv,1,4,0.01600,0.49800
5873256_0_7795190905731964989.csv,1,5,0.03100,0.65500
12183399_0_6725061928072492226.csv,0,1,0.00100,0.08700
12183399_0_6725061928072492226.csv,0,2,0.00100,0.16100
12183399_0_6725061928072492226.csv,0,3,0.00200,0.73700
12183399_0_6725061928072492226.csv,0,4,0.04900,0.74600
12183399_0_6725061928072492226.csv,0,5,0.09300,0.74200
77632062_0_2292892375652659825.csv,1,1,0.00100,0.00700
77632062_0_2292892375652659825.csv,1,2,0.00100,0.01500
77632062_0_2292892375652659825.csv,1,3,0.00900,0.28800
77632062_0_2292892375652659825.csv,1,4,0.17500,0.62200
77632062_0_2292892375652659825.csv,1,5,0.29300,0.64500
41648740_0_6959523681065295632.csv,0,1,0.00100,0.06400
41648740_0_6959523681065295632.csv,0,2,0.00100,0.12100
41648740_0_6959523681065295632.csv,0,3,0.00200,0.66900
41648740_0_6959523681065295632.csv,0,4,0.04600,0.79800
41648740_0_6959523681065295632.csv,0,5,0.08600,0.79400
54773498_0_4341462266113591159.csv,0,1,0.00100,0.04400
54773498_0_4341462266113591159.csv,0,2,0.00100,0.08400
54773498_0_4341462266113591159.csv,0,3,0.01400,0.72900
54773498_0_4341462266113591159.csv,0,4,0.14400,0.88300
54773498_0_4341462266113591159.csv,0,5,0.24400,0.87400
19654359_0_3020273135042459469.csv,1,1,0.00100,0.00200
19654359_0_3020273135042459469.csv,1,2,0.00100,0.00400
19654359_0_3020273135042459469.csv,1,3,0.00200,0.26300
19654359_0_3020273135042459469.csv,1,4,0.02500,0.72800
19654359_0_3020273135042459469.csv,1,5,0.04700,0.83300
70515524_0_5425995199745290007.csv,0,1,-1.00000,-1.00000
70515524_0_5425995199745290007.csv,0,2,-1.00000,-1.00000
70515524_0_5425995199745290007.csv,0,3,0.00700,0.01100
70515524_0_5425995199745290007.csv,0,4,-1.00000,-1.00000
70515524_0_5425995199745290007.csv,0,5,-1.00000,-1.00000
79966524_0_1484492112455633784.csv,0,1,0.00100,0.09500
79966524_0_1484492112455633784.csv,0,2,0.00200,0.17400
79966524_0_1484492112455633784.csv,0,3,0.05700,0.68500
79966524_0_1484492112455633784.csv,0,4,0.25300,0.65400
79966524_0_1484492112455633784.csv,0,5,0.38200,0.61500
77694908_0_6083291340991074532.csv,1,1,-1.00000,-1.00000
77694908_0_6083291340991074532.csv,1,2,0.00100,0.00100
77694908_0_6083291340991074532.csv,1,3,0.06900,0.08300
77694908_0_6083291340991074532.csv,1,4,-1.00000,-1.00000
77694908_0_6083291340991074532.csv,1,5,-1.00000,-1.00000
8286121_0_8471791395229161598.csv,0,1,0.00100,0.05900
8286121_0_8471791395229161598.csv,0,2,0.00100,0.11200
8286121_0_8471791395229161598.csv,0,3,0.00200,0.65000
8286121_0_8471791395229161598.csv,0,4,0.05500,0.72200
8286121_0_8471791395229161598.csv,0,5,0.10300,0.71800
40844462_1_6230938203735169234.csv,1,1,0.00100,0.00800
40844462_1_6230938203735169234.csv,1,2,0.00100,0.01600
40844462_1_6230938203735169234.csv,1,3,0.03100,0.18500
40844462_1_6230938203735169234.csv,1,4,0.28500,0.40500
40844462_1_6230938203735169234.csv,1,5,0.43400,0.53100
40534006_0_4617468856744635526.csv,1,1,0.00100,0.05500
40534006_0_4617468856744635526.csv,1,2,0.00100,0.10500
40534006_0_4617468856744635526.csv,1,3,0.00100,0.48600
40534006_0_4617468856744635526.csv,1,4,0.00300,0.67600
40534006_0_4617468856744635526.csv,1,5,0.00500,0.76400
34041816_1_4749054164534706977.csv,1,1,-1.00000,-1.00000
34041816_1_4749054164534706977.csv,1,2,0.00100,0.00100
34041816_1_4749054164534706977.csv,1,3,0.00100,0.10000
34041816_1_4749054164534706977.csv,1,4,0.01900,0.45700
34041816_1_4749054164534706977.csv,1,5,0.03700,0.61100
35188621_0_6058553107571275232.csv,1,1,0.00100,0.00400
35188621_0_6058553107571275232.csv,1,2,0.00100,0.00800
35188621_0_6058553107571275232.csv,1,3,0.04900,0.15100
35188621_0_6058553107571275232.csv,1,4,-1.00000,-1.00000
35188621_0_6058553107571275232.csv,1,5,-1.00000,-1.00000
28423212_0_2742990779532526553.csv,0,1,0.00100,0.02300
28423212_0_2742990779532526553.csv,0,2,0.00100,0.04500
28423212_0_2742990779532526553.csv,0,3,0.01200,0.49700
28423212_0_2742990779532526553.csv,0,4,0.11900,0.63300
28423212_0_2742990779532526553.csv,0,5,0.20500,0.65900
76275868_0_4528346580716713695.csv,1,1,-1.00000,-1.00000
76275868_0_4528346580716713695.csv,1,2,-1.00000,-1.00000
76275868_0_4528346580716713695.csv,1,3,-1.00000,-1.00000
76275868_0_4528346580716713695.csv,1,4,-1.00000,-1.00000
76275868_0_4528346580716713695.csv,1,5,-1.00000,-1.00000
73988811_0_2775758476756716904.csv,0,1,0.00100,0.00700
73988811_0_2775758476756716904.csv,0,2,0.00100,0.01400
73988811_0_2775758476756716904.csv,0,3,0.03000,0.16500
73988811_0_2775758476756716904.csv,0,4,0.27700,0.37200
73988811_0_2775758476756716904.csv,0,5,0.42400,0.49700
74718406_0_3914457597478137388.csv,1,1,0.00100,0.00200
74718406_0_3914457597478137388.csv,1,2,0.00100,0.00400
74718406_0_3914457597478137388.csv,1,3,0.00200,0.26300
74718406_0_3914457597478137388.csv,1,4,0.02500,0.72800
74718406_0_3914457597478137388.csv,1,5,0.04700,0.83300
38390205_1_8150763005563658139.csv,2,1,0.00100,0.03300
38390205_1_8150763005563658139.csv,2,2,0.00100,0.06400
38390205_1_8150763005563658139.csv,2,3,0.00100,0.70400
38390205_1_8150763005563658139.csv,2,4,0.00100,0.75700
38390205_1_8150763005563658139.csv,2,5,0.00100,0.75500
12151277_0_1262954734066545952.csv,1,1,-1.00000,-1.00000
12151277_0_1262954734066545952.csv,1,2,-1.00000,-1.00000
12151277_0_1262954734066545952.csv,1,3,-1.00000,-1.00000
12151277_0_1262954734066545952.csv,1,4,-1.00000,-1.00000
12151277_0_1262954734066545952.csv,1,5,-1.00000,-1.00000
64734047_0_5880705307495695536.csv,0,1,0.00100,0.02700
64734047_0_5880705307495695536.csv,0,2,0.00100,0.05400
64734047_0_5880705307495695536.csv,0,3,0.00100,0.66500
64734047_0_5880705307495695536.csv,0,4,0.00100,0.89800
64734047_0_5880705307495695536.csv,0,5,0.00100,0.93000
38732532_0_1420803645394505878.csv,0,1,-1.00000,-1.00000
38732532_0_1420803645394505878.csv,0,2,-1.00000,-1.00000
38732532_0_1420803645394505878.csv,0,3,0.00100,0.00100
38732532_0_1420803645394505878.csv,0,4,0.01900,0.03900
38732532_0_1420803645394505878.csv,0,5,0.03700,0.07500
76373906_0_6904594838446307331.csv,0,1,0.00100,0.02700
76373906_0_6904594838446307331.csv,0,2,0.00100,0.05300
76373906_0_6904594838446307331.csv,0,3,0.00100,0.56900
76373906_0_6904594838446307331.csv,0,4,0.00100,0.85200
76373906_0_6904594838446307331.csv,0,5,0.00100,0.91100
4501311_8_8306082458935575308.csv,1,1,0.00100,0.99900
4501311_8_8306082458935575308.csv,1,2,0.00100,0.99900
4501311_8_8306082458935575308.csv,1,3,0.00100,0.99900
4501311_8_8306082458935575308.csv,1,4,0.00100,0.99900
4501311_8_8306082458935575308.csv,1,5,0.00100,0.99900
47709681_0_4437772923903322343.csv,0,1,0.00100,0.01100
47709681_0_4437772923903322343.csv,0,2,0.00100,0.02200
47709681_0_4437772923903322343.csv,0,3,0.00200,0.33700
47709681_0_4437772923903322343.csv,0,4,0.03600,0.63700
47709681_0_4437772923903322343.csv,0,5,0.06800,0.75000
12193237_0_8699643798888088574.csv,0,1,0.00100,0.12400
12193237_0_8699643798888088574.csv,0,2,0.00100,0.22100
12193237_0_8699643798888088574.csv,0,3,0.00200,0.80500
12193237_0_8699643798888088574.csv,0,4,0.04800,0.83200
12193237_0_8699643798888088574.csv,0,5,0.09000,0.82900
9686394_0_5980699488362107028.csv,1,1,0.00100,0.00200
9686394_0_5980699488362107028.csv,1,2,0.00100,0.00400
9686394_0_5980699488362107028.csv,1,3,0.00200,0.26300
9686394_0_5980699488362107028.csv,1,4,0.02500,0.72800
9686394_0_5980699488362107028.csv,1,5,0.04700,0.83300
24142265_0_4577466141408796359.csv,5,1,0.00100,0.02500
24142265_0_4577466141408796359.csv,5,2,0.00100,0.04800
24142265_0_4577466141408796359.csv,5,3,0.00100,0.43000
24142265_0_4577466141408796359.csv,5,4,0.01100,0.72200
24142265_0_4577466141408796359.csv,5,5,0.02100,0.81600
53989675_0_8697482470743954630.csv,0,1,0.00100,0.00100
53989675_0_8697482470743954630.csv,0,2,0.00100,0.00300
53989675_0_8697482470743954630.csv,0,3,0.00300,0.36500
53989675_0_8697482470743954630.csv,0,4,0.05100,0.59200
53989675_0_8697482470743954630.csv,0,5,0.09600,0.69600
19361188_0_1640726405141876003.csv,0,1,0.00100,0.44400
19361188_0_1640726405141876003.csv,0,2,0.00100,0.61400
19361188_0_1640726405141876003.csv,0,3,0.00100,0.91100
19361188_0_1640726405141876003.csv,0,4,0.01300,0.92900
19361188_0_1640726405141876003.csv,0,5,0.02500,0.92700
43226272_0_5995103035300388365.csv,1,1,0.00100,0.00100
43226272_0_5995103035300388365.csv,1,2,0.00100,0.00200
43226272_0_5995103035300388365.csv,1,3,0.00100,0.30000
43226272_0_5995103035300388365.csv,1,4,0.00100,0.82900
43226272_0_5995103035300388365.csv,1,5,0.00100,0.84100
3887681_0_7938589465814037992.csv,0,1,-1.00000,-1.00000
3887681_0_7938589465814037992.csv,0,2,0.00100,0.00100
3887681_0_7938589465814037992.csv,0,3,0.00500,0.14100
3887681_0_7938589465814037992.csv,0,4,0.13900,0.56000
3887681_0_7938589465814037992.csv,0,5,0.24200,0.65400
78005071_0_8643954006825971723.csv,0,1,0.00100,0.84400
78005071_0_8643954006825971723.csv,0,2,0.00100,0.84400
78005071_0_8643954006825971723.csv,0,3,0.00100,0.84400
78005071_0_8643954006825971723.csv,0,4,0.00800,0.84100
78005071_0_8643954006825971723.csv,0,5,0.01500,0.83700
13719111_1_5719401842463579519.csv,0,1,0.00100,0.02400
13719111_1_5719401842463579519.csv,0,2,0.00100,0.04700
13719111_1_5719401842463579519.csv,0,3,0.00100,0.67000
13719111_1_5719401842463579519.csv,0,4,0.00100,0.92000
13719111_1_5719401842463579519.csv,0,5,0.00100,0.95400
84548468_0_5955155464119382182.csv,1,1,0.00100,0.00500
84548468_0_5955155464119382182.csv,1,2,0.00100,0.01000
84548468_0_5955155464119382182.csv,1,3,0.03600,0.14100
84548468_0_5955155464119382182.csv,1,4,0.29700,0.33000
84548468_0_5955155464119382182.csv,1,5,0.44700,0.45100
33401079_0_9127583903019856402.csv,0,1,0.02800,0.68000
33401079_0_9127583903019856402.csv,0,2,0.05400,0.80400
33401079_0_9127583903019856402.csv,0,3,0.22800,0.88000
33401079_0_9127583903019856402.csv,0,4,0.38200,0.83600
33401079_0_9127583903019856402.csv,0,5,0.48400,0.74200
41819807_0_3139249984404131679.csv,0,1,-1.00000,-1.00000
41819807_0_3139249984404131679.csv,0,2,-1.00000,-1.00000
41819807_0_3139249984404131679.csv,0,3,0.00200,0.05000
41819807_0_3139249984404131679.csv,0,4,0.04900,0.34000
41819807_0_3139249984404131679.csv,0,5,0.09200,0.49400
63450419_0_8012592961815711786.csv,2,1,0.00100,0.02300
63450419_0_8012592961815711786.csv,2,2,0.00100,0.04600
63450419_0_8012592961815711786.csv,2,3,0.00300,0.51200
63450419_0_8012592961815711786.csv,2,4,0.02500,0.79900
63450419_0_8012592961815711786.csv,2,5,0.04700,0.87300
32051842_5_1757891723986774036.csv,1,1,-1.00000,-1.00000
32051842_5_1757891723986774036.csv,1,2,0.00100,0.00100
32051842_5_1757891723986774036.csv,1,3,0.00100,0.15200
32051842_5_1757891723986774036.csv,1,4,0.02900,0.65800
32051842_5_1757891723986774036.csv,1,5,0.05600,0.75900
88732174_0_7321365014357502211.csv,1,1,0.00100,0.04000
88732174_0_7321365014357502211.csv,1,2,0.00100,0.07800
88732174_0_7321365014357502211.csv,1,3,0.00200,0.67000
88732174_0_7321365014357502211.csv,1,4,0.03200,0.82100
88732174_0_7321365014357502211.csv,1,5,0.06000,0.87500
98312357_0_6395417306876145729.csv,0,1,-1.00000,-1.00000
98312357_0_6395417306876145729.csv,0,2,-1.00000,-1.00000
98312357_0_6395417306876145729.csv,0,3,0.00100,0.08400
98312357_0_6395417306876145729.csv,0,4,0.04600,0.35800
98312357_0_6395417306876145729.csv,0,5,0.08600,0.46400
75154185_0_1607627349983289012.csv,1,1,0.00100,0.00700
75154185_0_1607627349983289012.csv,1,2,0.00100,0.01400
75154185_0_1607627349983289012.csv,1,3,0.01000,0.26700
75154185_0_1607627349983289012.csv,1,4,0.19300,0.60200
75154185_0_1607627349983289012.csv,1,5,0.31800,0.63200
74685423_0_8061289760697103949.csv,0,1,0.00100,0.00800
74685423_0_8061289760697103949.csv,0,2,0.00100,0.01600
74685423_0_8061289760697103949.csv,0,3,0.00100,0.40100
74685423_0_8061289760697103949.csv,0,4,0.01800,0.79100
74685423_0_8061289760697103949.csv,0,5,0.03500,0.87400
4444204_0_951426790527152756.csv,1,1,0.00100,0.00800
4444204_0_951426790527152756.csv,1,2,0.00100,0.01600
4444204_0_951426790527152756.csv,1,3,0.01100,0.30100
4444204_0_951426790527152756.csv,1,4,0.19700,0.60300
4444204_0_951426790527152756.csv,1,5,0.32400,0.61800
39107734_2_2329160387535788734.csv,1,1,-1.00000,-1.00000
39107734_2_2329160387535788734.csv,1,2,0.00100,0.00100
39107734_2_2329160387535788734.csv,1,3,0.00100,0.11600
39107734_2_2329160387535788734.csv,1,4,0.02000,0.49800
39107734_2_2329160387535788734.csv,1,5,0.03800,0.64900
21329809_0_5526008408364682899.csv,1,1,0.00100,0.01000
21329809_0_5526008408364682899.csv,1,2,0.00100,0.02000
21329809_0_5526008408364682899.csv,1,3,0.01200,0.34600
21329809_0_5526008408364682899.csv,1,4,0.20700,0.61400
21329809_0_5526008408364682899.csv,1,5,0.33800,0.60400
8009320_0_5507755752653817624.csv,0,1,0.00100,0.04200
8009320_0_5507755752653817624.csv,0,2,0.00100,0.08100
8009320_0_5507755752653817624.csv,0,3,0.00200,0.65000
8009320_0_5507755752653817624.csv,0,4,0.07700,0.64500
8009320_0_5507755752653817624.csv,0,5,0.14100,0.64000
90723763_0_874013697986950454.csv,1,1,0.00100,0.01700
90723763_0_874013697986950454.csv,1,2,0.00100,0.03400
90723763_0_874013697986950454.csv,1,3,0.01300,0.42700
90723763_0_874013697986950454.csv,1,4,0.12800,0.67800
90723763_0_874013697986950454.csv,1,5,0.21800,0.66000
86297395_0_6919201319699354263.csv,0,1,0.00100,0.10300
86297395_0_6919201319699354263.csv,0,2,0.00100,0.18700
86297395_0_6919201319699354263.csv,0,3,0.00200,0.74900
86297395_0_6919201319699354263.csv,0,4,0.05800,0.74500
86297395_0_6919201319699354263.csv,0,5,0.10800,0.74100
29021592_4_4348860179678308511.csv,0,1,-1.00000,-1.00000
29021592_4_4348860179678308511.csv,0,2,-1.00000,-1.00000
29021592_4_4348860179678308511.csv,0,3,0.00100,0.00200
29021592_4_4348860179678308511.csv,0,4,0.00100,0.05400
29021592_4_4348860179678308511.csv,0,5,0.00100,0.10100
11688006_0_8123036130090004213.csv,1,1,0.00100,0.08300
11688006_0_8123036130090004213.csv,1,2,0.00100,0.15400
11688006_0_8123036130090004213.csv,1,3,0.00200,0.70800
11688006_0_8123036130090004213.csv,1,4,0.06200,0.70300
11688006_0_8123036130090004213.csv,1,5,0.11600,0.69900
25404227_0_2240631045609013057.csv,2,1,-1.00000,-1.00000
25404227_0_2240631045609013057.csv,2,2,-1.00000,-1.00000
25404227_0_2240631045609013057.csv,2,3,-1.00000,-1.00000
25404227_0_2240631045609013057.csv,2,4,-1.00000,-1.00000
25404227_0_2240631045609013057.csv,2,5,-1.00000,-1.00000
37541068_1_1156932518917623732.csv,1,1,0.00100,0.01300
37541068_1_1156932518917623732.csv,1,2,0.00100,0.02600
37541068_1_1156932518917623732.csv,1,3,0.00200,0.39800
37541068_1_1156932518917623732.csv,1,4,0.03400,0.68800
37541068_1_1156932518917623732.csv,1,5,0.06500,0.77100
79327346_0_5787863739697336601.csv,1,1,0.00100,0.06100
79327346_0_5787863739697336601.csv,1,2,0.00100,0.11600
79327346_0_5787863739697336601.csv,1,3,0.00200,0.65800
79327346_0_5787863739697336601.csv,1,4,0.06300,0.69900
79327346_0_5787863739697336601.csv,1,5,0.11700,0.69500
39759273_0_1427898308030295194.csv,1,1,0.00100,0.00600
39759273_0_1427898308030295194.csv,1,2,0.00100,0.01300
39759273_0_1427898308030295194.csv,1,3,0.03500,0.16100
39759273_0_1427898308030295194.csv,1,4,0.30000,0.36500
39759273_0_1427898308030295194.csv,1,5,0.45100,0.49000
14380604_4_3329235705746762392.csv,1,1,0.00100,0.01600
14380604_4_3329235705746762392.csv,1,2,0.00100,0.03200
14380604_4_3329235705746762392.csv,1,3,0.01200,0.41200
14380604_4_3329235705746762392.csv,1,4,0.12000,0.71300
14380604_4_3329235705746762392.csv,1,5,0.20600,0.73400
26310680_0_5150772059999313798.csv,0,1,0.00100,0.06900
26310680_0_5150772059999313798.csv,0,2,0.00100,0.13000
26310680_0_5150772059999313798.csv,0,3,0.00200,0.68600
26310680_0_5150772059999313798.csv,0,4,0.06400,0.69500
26310680_0_5150772059999313798.csv,0,5,0.11900,0.69000
71840765_0_6664391841933033844.csv,0,1,-1.00000,-1.00000
71840765_0_6664391841933033844.csv,0,2,-1.00000,-1.00000
71840765_0_6664391841933033844.csv,0,3,0.00100,0.11400
71840765_0_6664391841933033844.csv,0,4,0.01400,0.55500
71840765_0_6664391841933033844.csv,0,5,0.02700,0.70300
12271141_0_8517913935669973086.csv,0,1,0.00100,0.02900
12271141_0_8517913935669973086.csv,0,2,0.00100,0.05700
12271141_0_8517913935669973086.csv,0,3,0.01100,0.56100
12271141_0_8517913935669973086.csv,0,4,0.10900,0.73500
12271141_0_8517913935669973086.csv,0,5,0.18800,0.71900
29414811_2_4773219892816395776.csv,1,1,0.00100,0.01200
29414811_2_4773219892816395776.csv,1,2,0.00100,0.02400
29414811_2_4773219892816395776.csv,1,3,0.00100,0.26500
29414811_2_4773219892816395776.csv,1,4,0.01600,0.55400
29414811_2_4773219892816395776.csv,1,5,0.03100,0.68000
45073662_0_3179937335063201739.csv,1,1,0.00100,0.00800
45073662_0_3179937335063201739.csv,1,2,0.00100,0.01600
45073662_0_3179937335063201739.csv,1,3,0.00200,0.28300
45073662_0_3179937335063201739.csv,1,4,0.04000,0.62700
45073662_0_3179937335063201739.csv,1,5,0.07600,0.74400
29412826_0_3422707769191426540.csv,0,1,-1.00000,-1.00000
29412826_0_3422707769191426540.csv,0,2,0.00100,0.00100
29412826_0_3422707769191426540.csv,0,3,0.00100,0.14600
29412826_0_3422707769191426540.csv,0,4,0.00100,0.64800
29412826_0_3422707769191426540.csv,0,5,0.00100,0.77800
19272019_0_1508498249156534553.csv,0,1,-1.00000,-1.00000
19272019_0_1508498249156534553.csv,0,2,-1.00000,-1.00000
19272019_0_1508498249156534553.csv,0,3,0.00300,0.11600
19272019_0_1508498249156534553.csv,0,4,0.04900,0.47800
19272019_0_1508498249156534553.csv,0,5,0.09200,0.61700
37815699_0_8391788584341609964.csv,1,1,0.02500,0.60400
37815699_0_8391788584341609964.csv,1,2,0.04700,0.74700
37815699_0_8391788584341609964.csv,1,3,0.20400,0.85500
37815699_0_8391788584341609964.csv,1,4,0.35700,0.83700
37815699_0_8391788584341609964.csv,1,5,0.46300,0.74300
41480166_0_6681239260286218499.csv,0,1,-1.00000,-1.00000
41480166_0_6681239260286218499.csv,0,2,-1.00000,-1.00000
41480166_0_6681239260286218499.csv,0,3,-1.00000,-1.00000
41480166_0_6681239260286218499.csv,0,4,-1.00000,-1.00000
41480166_0_6681239260286218499.csv,0,5,-1.00000,-1.00000
6869358_0_1379459120563510331.csv,1,1,0.00100,0.00500
6869358_0_1379459120563510331.csv,1,2,0.00100,0.01000
6869358_0_1379459120563510331.csv,1,3,0.00800,0.17300
6869358_0_1379459120563510331.csv,1,4,0.13400,0.40900
6869358_0_1379459120563510331.csv,1,5,0.23100,0.54100
55238374_0_3379409961751009152.csv,0,1,0.00100,0.08300
55238374_0_3379409961751009152.csv,0,2,0.00100,0.15300
55238374_0_3379409961751009152.csv,0,3,0.00200,0.70000
55238374_0_3379409961751009152.csv,0,4,0.05700,0.69600
55238374_0_3379409961751009152.csv,0,5,0.10600,0.69100
61121469_0_6337620713408906340.csv,0,1,0.00100,0.04600
61121469_0_6337620713408906340.csv,0,2,0.00100,0.08800
61121469_0_6337620713408906340.csv,0,3,0.00200,0.58700
61121469_0_6337620713408906340.csv,0,4,0.07300,0.67400
61121469_0_6337620713408906340.csv,0,5,0.13400,0.66900
41194422_0_7231546114369966811.csv,1,1,0.00100,0.09300
41194422_0_7231546114369966811.csv,1,2,0.00100,0.17000
41194422_0_7231546114369966811.csv,1,3,0.00200,0.71500
41194422_0_7231546114369966811.csv,1,4,0.06400,0.71000
41194422_0_7231546114369966811.csv,1,5,0.11800,0.70600
10630177_0_4831842476649004753.csv,2,1,0.00100,0.47600
10630177_0_4831842476649004753.csv,2,2,0.00100,0.64300
10630177_0_4831842476649004753.csv,2,3,0.01300,0.91900
10630177_0_4831842476649004753.csv,2,4,0.13100,0.92500
10630177_0_4831842476649004753.csv,2,5,0.22400,0.92000
67865873_0_8259587610208037357.csv,1,1,0.00100,0.06700
67865873_0_8259587610208037357.csv,1,2,0.00100,0.12700
67865873_0_8259587610208037357.csv,1,3,0.00200,0.68000
67865873_0_8259587610208037357.csv,1,4,0.06600,0.69400
67865873_0_8259587610208037357.csv,1,5,0.12200,0.69000
51741865_0_9203644246202164492.csv,1,1,-1.00000,-1.00000
51741865_0_9203644246202164492.csv,1,2,-1.00000,-1.00000
51741865_0_9203644246202164492.csv,1,3,-1.00000,-1.00000
51741865_0_9203644246202164492.csv,1,4,-1.00000,-1.00000
51741865_0_9203644246202164492.csv,1,5,-1.00000,-1.00000
20135078_0_7570343137119682530.csv,1,1,0.00100,0.00500
20135078_0_7570343137119682530.csv,1,2,0.00100,0.01100
20135078_0_7570343137119682530.csv,1,3,0.04400,0.15900
20135078_0_7570343137119682530.csv,1,4,0.35200,0.36200
20135078_0_7570343137119682530.csv,1,5,-1.00000,-1.00000
50245608_0_871275842592178099.csv,0,1,0.00100,0.00800
50245608_0_871275842592178099.csv,0,2,0.00100,0.01700
50245608_0_871275842592178099.csv,0,3,0.03200,0.19500
50245608_0_871275842592178099.csv,0,4,0.28700,0.42000
50245608_0_871275842592178099.csv,0,5,0.43600,0.54600
21337553_0_8832378999628437599.csv,1,1,-1.00000,-1.00000
21337553_0_8832378999628437599.csv,1,2,0.00100,0.00100
21337553_0_8832378999628437599.csv,1,3,0.00300,0.13600
21337553_0_8832378999628437599.csv,1,4,0.05500,0.54100
21337553_0_8832378999628437599.csv,1,5,0.10100,0.68800
1614988_0_8789868670151796042.csv,0,1,0.00100,0.04700
1614988_0_8789868670151796042.csv,0,2,0.00100,0.08900
1614988_0_8789868670151796042.csv,0,3,0.00300,0.33800
1614988_0_8789868670151796042.csv,0,4,0.04900,0.51700
1614988_0_8789868670151796042.csv,0,5,0.09100,0.62000
43469354_0_6029017163991310319.csv,1,1,0.00100,0.00700
43469354_0_6029017163991310319.csv,1,2,0.00100,0.01400
43469354_0_6029017163991310319.csv,1,3,0.00800,0.27500
43469354_0_6029017163991310319.csv,1,4,0.14700,0.61900
43469354_0_6029017163991310319.csv,1,5,0.25200,0.67600
11833461_1_3811022039809817402.csv,0,1,0.00100,0.01700
11833461_1_3811022039809817402.csv,0,2,0.00100,0.03300
11833461_1_3811022039809817402.csv,0,3,0.00200,0.33800
11833461_1_3811022039809817402.csv,0,4,0.02300,0.63800
11833461_1_3811022039809817402.csv,0,5,0.04300,0.75000
38428277_0_1311643810102462607.csv,1,1,0.00100,0.00900
38428277_0_1311643810102462607.csv,1,2,0.00100,0.01800
38428277_0_1311643810102462607.csv,1,3,0.07800,0.20400
38428277_0_1311643810102462607.csv,1,4,-1.00000,-1.00000
38428277_0_1311643810102462607.csv,1,5,-1.00000,-1.00000
54719588_0_8417197176086756912.csv,3,1,0.00100,0.00800
54719588_0_8417197176086756912.csv,3,2,0.00100,0.01600
54719588_0_8417197176086756912.csv,3,3,0.03800,0.18500
54719588_0_8417197176086756912.csv,3,4,0.32100,0.40400
54719588_0_8417197176086756912.csv,3,5,0.47600,0.53000
52208141_2_5171684379987586712.csv,1,1,-1.00000,-1.00000
52208141_2_5171684379987586712.csv,1,2,-1.00000,-1.00000
52208141_2_5171684379987586712.csv,1,3,0.00100,0.13700
52208141_2_5171684379987586712.csv,1,4,0.03100,0.63100
52208141_2_5171684379987586712.csv,1,5,0.05900,0.73700
14311244_0_7604843865524657408.csv,0,1,0.00100,0.00100
14311244_0_7604843865524657408.csv,0,2,0.00100,0.00200
14311244_0_7604843865524657408.csv,0,3,0.00200,0.20200
14311244_0_7604843865524657408.csv,0,4,0.04200,0.65500
14311244_0_7604843865524657408.csv,0,5,0.07900,0.78000
9567241_0_5666388268510912770.csv,1,1,-1.00000,-1.00000
9567241_0_5666388268510912770.csv,1,2,-1.00000,-1.00000
9567241_0_5666388268510912770.csv,1,3,0.00100,0.07400
9567241_0_5666388268510912770.csv,1,4,0.01700,0.55900
9567241_0_5666388268510912770.csv,1,5,0.03200,0.68600
28646774_0_3256889721737611537.csv,0,1,0.00100,0.91300
28646774_0_3256889721737611537.csv,0,2,0.00100,0.91300
28646774_0_3256889721737611537.csv,0,3,0.00100,0.91200
28646774_0_3256889721737611537.csv,0,4,0.00100,0.91100
28646774_0_3256889721737611537.csv,0,5,0.00100,0.90900
16767252_0_2409448375013995751.csv,1,1,0.00100,0.00800
16767252_0_2409448375013995751.csv,1,2,0.00100,0.01700
16767252_0_2409448375013995751.csv,1,3,0.02600,0.19300
16767252_0_2409448375013995751.csv,1,4,0.24200,0.41800
16767252_0_2409448375013995751.csv,1,5,0.37900,0.54400
24417511_0_3058323105166963431.csv,1,1,0.00100,0.01600
24417511_0_3058323105166963431.csv,1,2,0.00100,0.03300
24417511_0_3058323105166963431.csv,1,3,0.00200,0.45100
24417511_0_3058323105166963431.csv,1,4,0.03500,0.67200
24417511_0_3058323105166963431.csv,1,5,0.06500,0.75800
86627271_6_2239821927452848323.csv,0,1,0.00100,0.99900
86627271_6_2239821927452848323.csv,0,2,0.00100,0.99900
86627271_6_2239821927452848323.csv,0,3,0.00100,0.99900
86627271_6_2239821927452848323.csv,0,4,0.00100,0.99900
86627271_6_2239821927452848323.csv,0,5,0.00100,0.99900
53583534_0_503521622577229691.csv,1,1,0.00100,0.10800
53583534_0_503521622577229691.csv,1,2,0.00100,0.19600
53583534_0_503521622577229691.csv,1,3,0.01200,0.87600
53583534_0_503521622577229691.csv,1,4,0.11700,0.96600
53583534_0_503521622577229691.csv,1,5,0.20200,0.97900
57943722_0_8666078014685775876.csv,0,1,0.00100,0.26200
57943722_0_8666078014685775876.csv,0,2,0.00100,0.41500
57943722_0_8666078014685775876.csv,0,3,0.00100,0.82900
57943722_0_8666078014685775876.csv,0,4,0.03200,0.82600
57943722_0_8666078014685775876.csv,0,5,0.06000,0.82300
70404164_0_5498195978476333642.csv,1,1,0.00100,0.00700
70404164_0_5498195978476333642.csv,1,2,0.00100,0.01500
70404164_0_5498195978476333642.csv,1,3,0.01200,0.28700
70404164_0_5498195978476333642.csv,1,4,0.21400,0.61500
70404164_0_5498195978476333642.csv,1,5,0.34800,0.61900
3962429_0_3452614694863053249.csv,1,1,-1.00000,-1.00000
3962429_0_3452614694863053249.csv,1,2,-1.00000,-1.00000
3962429_0_3452614694863053249.csv,1,3,0.00100,0.07800
3962429_0_3452614694863053249.csv,1,4,0.00100,0.50300
3962429_0_3452614694863053249.csv,1,5,0.00100,0.66000
29414811_12_251152470253168163.csv,1,1,0.00100,0.01500
29414811_12_251152470253168163.csv,1,2,0.00100,0.03000
29414811_12_251152470253168163.csv,1,3,0.00100,0.31800
29414811_12_251152470253168163.csv,1,4,0.01300,0.61600
29414811_12_251152470253168163.csv,1,5,0.02400,0.73300
96203994_0_2127964719640427252.csv,0,1,0.00100,0.02200
96203994_0_2127964719640427252.csv,0,2,0.00100,0.04300
96203994_0_2127964719640427252.csv,0,3,0.01200,0.48900
96203994_0_2127964719640427252.csv,0,4,0.12400,0.69700
96203994_0_2127964719640427252.csv,0,5,0.21300,0.68000
64499281_8_7181683886563136802.csv,1,1,-1.00000,-1.00000
64499281_8_7181683886563136802.csv,1,2,0.00100,0.00100
64499281_8_7181683886563136802.csv,1,3,0.00100,0.15200
64499281_8_7181683886563136802.csv,1,4,0.02900,0.65800
64499281_8_7181683886563136802.csv,1,5,0.05600,0.75900
57938705_0_8737506792349461963.csv,1,1,0.00100,0.01600
57938705_0_8737506792349461963.csv,1,2,0.00100,0.03100
57938705_0_8737506792349461963.csv,1,3,0.00100,0.32300
57938705_0_8737506792349461963.csv,1,4,0.01000,0.62200
57938705_0_8737506792349461963.csv,1,5,0.02000,0.73700
21333456_2_1886495893795687264.csv,0,1,0.00100,0.07400
21333456_2_1886495893795687264.csv,0,2,0.00100,0.13700
21333456_2_1886495893795687264.csv,0,3,0.00300,0.45300
21333456_2_1886495893795687264.csv,0,4,0.05600,0.62800
21333456_2_1886495893795687264.csv,0,5,0.10300,0.69300
68442591_0_8506821153001360777.csv,0,1,0.00100,0.02500
68442591_0_8506821153001360777.csv,0,2,0.00100,0.04900
68442591_0_8506821153001360777.csv,0,3,0.00100,0.64500
68442591_0_8506821153001360777.csv,0,4,0.00100,0.85800
68442591_0_8506821153001360777.csv,0,5,0.00100,0.90600
45593932_0_6869375743660252130.csv,2,1,0.00100,0.19500
45593932_0_6869375743660252130.csv,2,2,0.00100,0.32500
45593932_0_6869375743660252130.csv,2,3,0.00200,0.71400
45593932_0_6869375743660252130.csv,2,4,0.03600,0.83900
45593932_0_6869375743660252130.csv,2,5,0.06800,0.88800
92896255_0_4593968708343548527.csv,0,1,-1.00000,-1.00000
92896255_0_4593968708343548527.csv,0,2,-1.00000,-1.00000
92896255_0_4593968708343548527.csv,0,3,-1.00000,-1.00000
92896255_0_4593968708343548527.csv,0,4,-1.00000,-1.00000
92896255_0_4593968708343548527.csv,0,5,-1.00000,-1.00000
22864497_0_8632623712684511496.csv,0,1,0.00100,0.00100
22864497_0_8632623712684511496.csv,0,2,0.00100,0.00200
22864497_0_8632623712684511496.csv,0,3,0.00200,0.38200
22864497_0_8632623712684511496.csv,0,4,0.03700,0.68200
22864497_0_8632623712684511496.csv,0,5,0.06900,0.78100
39606331_0_1646213676302448706.csv,0,1,0.00100,0.80200
39606331_0_1646213676302448706.csv,0,2,0.00100,0.80200
39606331_0_1646213676302448706.csv,0,3,0.00100,0.80200
39606331_0_1646213676302448706.csv,0,4,0.00800,0.79800
39606331_0_1646213676302448706.csv,0,5,0.01600,0.79400
28079336_2_2139598421036200532.csv,1,1,0.00100,0.02600
28079336_2_2139598421036200532.csv,1,2,0.00100,0.05000
28079336_2_2139598421036200532.csv,1,3,0.01000,0.52600
28079336_2_2139598421036200532.csv,1,4,0.09700,0.75500
28079336_2_2139598421036200532.csv,1,5,0.17100,0.74000
32812626_0_5428724146873158593.csv,0,1,0.00100,0.01000
32812626_0_5428724146873158593.csv,0,2,0.00100,0.02100
32812626_0_5428724146873158593.csv,0,3,0.00100,0.78900
32812626_0_5428724146873158593.csv,0,4,0.00100,0.86800
32812626_0_5428724146873158593.csv,0,5,0.00100,0.86600
11278409_0_3742771475298785475.csv,1,1,0.00100,0.02300
11278409_0_3742771475298785475.csv,1,2,0.00100,0.04500
11278409_0_3742771475298785475.csv,1,3,0.01100,0.49600
11278409_0_3742771475298785475.csv,1,4,0.11300,0.71200
11278409_0_3742771475298785475.csv,1,5,0.19700,0.69500
28494901_6_7026744149694237309.csv,0,1,0.00100,0.06700
28494901_6_7026744149694237309.csv,0,2,0.00100,0.12500
28494901_6_7026744149694237309.csv,0,3,0.00300,0.42500
28494901_6_7026744149694237309.csv,0,4,0.05100,0.60800
28494901_6_7026744149694237309.csv,0,5,0.09500,0.70200
3917335_0_7791699395300625164.csv,0,1,0.00100,0.08400
3917335_0_7791699395300625164.csv,0,2,0.00100,0.15500
3917335_0_7791699395300625164.csv,0,3,0.00200,0.72300
3917335_0_7791699395300625164.csv,0,4,0.06400,0.71900
3917335_0_7791699395300625164.csv,0,5,0.11800,0.71500
24850757_0_5978004733768297283.csv,0,1,0.00100,0.06600
24850757_0_5978004733768297283.csv,0,2,0.00100,0.12400
24850757_0_5978004733768297283.csv,0,3,0.00200,0.67500
24850757_0_5978004733768297283.csv,0,4,0.06500,0.68900
24850757_0_5978004733768297283.csv,0,5,0.12100,0.68500
98458255_0_5873264818593370400.csv,0,1,0.00100,0.64200
98458255_0_5873264818593370400.csv,0,2,0.00100,0.64200
98458255_0_5873264818593370400.csv,0,3,0.00100,0.64200
98458255_0_5873264818593370400.csv,0,4,0.03500,0.63800
98458255_0_5873264818593370400.csv,0,5,0.06700,0.63300
44005578_0_5400481538370055338.csv,0,1,0.00100,0.80200
44005578_0_5400481538370055338.csv,0,2,0.00100,0.80200
44005578_0_5400481538370055338.csv,0,3,0.00100,0.80200
44005578_0_5400481538370055338.csv,0,4,0.00800,0.79800
44005578_0_5400481538370055338.csv,0,5,0.01600,0.79400
28154036_0_909001972154294543.csv,0,1,-1.00000,-1.00000
28154036_0_909001972154294543.csv,0,2,-1.00000,-1.00000
28154036_0_909001972154294543.csv,0,3,-1.00000,-1.00000
28154036_0_909001972154294543.csv,0,4,-1.00000,-1.00000
28154036_0_909001972154294543.csv,0,5,-1.00000,-1.00000
4730513_0_8573199053866072336.csv,1,1,0.00100,0.06800
4730513_0_8573199053866072336.csv,1,2,0.00100,0.12700
4730513_0_8573199053866072336.csv,1,3,0.00300,0.43100
4730513_0_8573199053866072336.csv,1,4,0.05400,0.61400
4730513_0_8573199053866072336.csv,1,5,0.10100,0.70800
49801939_0_6964113429298874283.csv,0,1,0.00100,0.00100
49801939_0_6964113429298874283.csv,0,2,0.00100,0.00200
49801939_0_6964113429298874283.csv,0,3,0.00200,0.20200
49801939_0_6964113429298874283.csv,0,4,0.04200,0.65500
49801939_0_6964113429298874283.csv,0,5,0.07900,0.78000
62564020_0_3836030043284699244.csv,0,1,0.00100,0.05500
62564020_0_3836030043284699244.csv,0,2,0.00200,0.10500
62564020_0_3836030043284699244.csv,0,3,0.06400,0.63900
62564020_0_3836030043284699244.csv,0,4,0.27200,0.62500
62564020_0_3836030043284699244.csv,0,5,0.40500,0.58500
9834884_0_3871985887467090123.csv,1,1,-1.00000,-1.00000
9834884_0_3871985887467090123.csv,1,2,-1.00000,-1.00000
9834884_0_3871985887467090123.csv,1,3,0.00100,0.13200
9834884_0_3871985887467090123.csv,1,4,0.02300,0.62100
9834884_0_3871985887467090123.csv,1,5,0.04400,0.75800
34899692_0_6530393048033763438.csv,0,1,0.00100,0.08000
34899692_0_6530393048033763438.csv,0,2,0.00100,0.14900
34899692_0_6530393048033763438.csv,0,3,0.00200,0.71800
34899692_0_6530393048033763438.csv,0,4,0.06100,0.71400
34899692_0_6530393048033763438.csv,0,5,0.11300,0.71000
49087820_0_461228320225084868.csv,0,1,0.00100,0.04000
49087820_0_461228320225084868.csv,0,2,0.00100,0.07800
49087820_0_461228320225084868.csv,0,3,0.00200,0.55500
49087820_0_461228320225084868.csv,0,4,0.05300,0.73700
49087820_0_461228320225084868.csv,0,5,0.09900,0.73200
33242247_1_7232384061498591611.csv,0,1,-1.00000,-1.00000
33242247_1_7232384061498591611.csv,0,2,-1.00000,-1.00000
33242247_1_7232384061498591611.csv,0,3,-1.00000,-1.00000
33242247_1_7232384061498591611.csv,0,4,-1.00000,-1.00000
33242247_1_7232384061498591611.csv,0,5,-1.00000,-1.00000
10151359_0_8168779773862259178.csv,0,1,0.00100,0.00500
10151359_0_8168779773862259178.csv,0,2,0.00100,0.01000
10151359_0_8168779773862259178.csv,0,3,0.00500,0.20300
10151359_0_8168779773862259178.csv,0,4,0.09700,0.45800
10151359_0_8168779773862259178.csv,0,5,0.17400,0.58900
36039980_4_4283009829602711082.csv,1,1,0.00100,0.06600
36039980_4_4283009829602711082.csv,1,2,0.00100,0.12300
36039980_4_4283009829602711082.csv,1,3,0.00400,0.47700
36039980_4_4283009829602711082.csv,1,4,0.07300,0.68400
36039980_4_4283009829602711082.csv,1,5,0.13300,0.77300
9206866_1_8114610355671172497.csv,0,1,0.00100,0.07900
9206866_1_8114610355671172497.csv,0,2,0.00100,0.14700
9206866_1_8114610355671172497.csv,0,3,0.00200,0.71200
9206866_1_8114610355671172497.csv,0,4,0.06200,0.70700
9206866_1_8114610355671172497.csv,0,5,0.11500,0.70300
54112392_0_160015365721559357.csv,0,1,0.00100,0.04300
54112392_0_160015365721559357.csv,0,2,0.00100,0.08300
54112392_0_160015365721559357.csv,0,3,0.00500,0.37200
54112392_0_160015365721559357.csv,0,4,0.09800,0.58700
54112392_0_160015365721559357.csv,0,5,0.17600,0.69200
28036255_0_5705563063166785494.csv,0,1,0.00100,0.01600
28036255_0_5705563063166785494.csv,0,2,0.00100,0.03300
28036255_0_5705563063166785494.csv,0,3,0.00200,0.74700
28036255_0_5705563063166785494.csv,0,4,0.04700,0.94200
28036255_0_5705563063166785494.csv,0,5,0.08700,0.94000
61069974_0_1894536874590565102.csv,0,1,0.00100,0.05400
61069974_0_1894536874590565102.csv,0,2,0.00100,0.10300
61069974_0_1894536874590565102.csv,0,3,0.00200,0.62800
61069974_0_1894536874590565102.csv,0,4,0.06800,0.65700
61069974_0_1894536874590565102.csv,0,5,0.12600,0.65200
25933880_0_4058554985574416690.csv,0,1,0.00100,0.01300
25933880_0_4058554985574416690.csv,0,2,0.00100,0.02700
25933880_0_4058554985574416690.csv,0,3,0.00100,0.40500
25933880_0_4058554985574416690.csv,0,4,0.02100,0.68400
25933880_0_4058554985574416690.csv,0,5,0.04000,0.72900
51130304_0_3035822254995425429.csv,0,1,-1.00000,-1.00000
51130304_0_3035822254995425429.csv,0,2,-1.00000,-1.00000
51130304_0_3035822254995425429.csv,0,3,0.00200,0.00400
51130304_0_3035822254995425429.csv,0,4,0.06600,0.10700
51130304_0_3035822254995425429.csv,0,5,0.12300,0.19100
39173938_0_7916056990138658530.csv,1,1,0.00100,0.00600
39173938_0_7916056990138658530.csv,1,2,0.00100,0.01300
39173938_0_7916056990138658530.csv,1,3,0.04100,0.15800
39173938_0_7916056990138658530.csv,1,4,0.33300,0.36000
39173938_0_7916056990138658530.csv,1,5,-1.00000,-1.00000
70883081_0_5357790421435123524.csv,0,1,0.00100,0.02700
70883081_0_5357790421435123524.csv,0,2,0.00100,0.05300
70883081_0_5357790421435123524.csv,0,3,0.00100,0.56900
70883081_0_5357790421435123524.csv,0,4,0.00100,0.85200
70883081_0_5357790421435123524.csv,0,5,0.00100,0.91100
74491133_0_7177831100884797849.csv,0,1,0.00100,0.07000
74491133_0_7177831100884797849.csv,0,2,0.00100,0.13000
74491133_0_7177831100884797849.csv,0,3,0.00200,0.68700
74491133_0_7177831100884797849.csv,0,4,0.06100,0.70300
74491133_0_7177831100884797849.csv,0,5,0.11400,0.69800
66329615_0_3585856495110277641.csv,1,1,0.00100,0.01800
66329615_0_3585856495110277641.csv,1,2,0.00100,0.03600
66329615_0_3585856495110277641.csv,1,3,0.00200,0.35800
66329615_0_3585856495110277641.csv,1,4,0.04700,0.65800
66329615_0_3585856495110277641.csv,1,5,0.08800,0.68200
64092785_0_4696367782987533337.csv,0,1,0.00100,0.05600
64092785_0_4696367782987533337.csv,0,2,0.00100,0.10600
64092785_0_4696367782987533337.csv,0,3,0.00700,0.71200
64092785_0_4696367782987533337.csv,0,4,0.06200,0.87900
64092785_0_4696367782987533337.csv,0,5,0.11200,0.87000
63389809_0_8179819543692215824.csv,0,1,0.00100,0.02200
63389809_0_8179819543692215824.csv,0,2,0.00100,0.04400
63389809_0_8179819543692215824.csv,0,3,0.01200,0.49300
63389809_0_8179819543692215824.csv,0,4,0.12200,0.67500
63389809_0_8179819543692215824.csv,0,5,0.21100,0.65700
68779923_5_2067037721454758189.csv,0,1,0.00100,0.06800
68779923_5_2067037721454758189.csv,0,2,0.00100,0.12800
68779923_5_2067037721454758189.csv,0,3,0.00200,0.68200
68779923_5_2067037721454758189.csv,0,4,0.03900,0.79200
68779923_5_2067037721454758189.csv,0,5,0.07400,0.78900
29857217_0_961038783966485949.csv,0,1,-1.00000,-1.00000
29857217_0_961038783966485949.csv,0,2,-1.00000,-1.00000
29857217_0_961038783966485949.csv,0,3,0.00100,0.01600
29857217_0_961038783966485949.csv,0,4,0.01800,0.21000
29857217_0_961038783966485949.csv,0,5,0.03500,0.34000
66009064_0_9148652238372261251.csv,0,1,0.00100,0.00900
66009064_0_9148652238372261251.csv,0,2,0.00100,0.01700
66009064_0_9148652238372261251.csv,0,3,0.00200,0.30400
66009064_0_9148652238372261251.csv,0,4,0.04100,0.61100
66009064_0_9148652238372261251.csv,0,5,0.07600,0.70600
29414811_6_8221428333921653560.csv,1,1,0.00100,0.00900
29414811_6_8221428333921653560.csv,1,2,0.00100,0.01900
29414811_6_8221428333921653560.csv,1,3,0.00100,0.22300
29414811_6_8221428333921653560.csv,1,4,0.00100,0.49700
29414811_6_8221428333921653560.csv,1,5,0.00100,0.62800
60319454_0_3938426910282115527.csv,0,1,0.00200,0.03300
60319454_0_3938426910282115527.csv,0,2,0.00300,0.06500
60319454_0_3938426910282115527.csv,0,3,0.09400,0.51300
60319454_0_3938426910282115527.csv,0,4,0.35400,0.64200
60319454_0_3938426910282115527.csv,0,5,0.49800,0.60200
99070098_0_2074872741302696997.csv,1,1,0.00100,0.44500
99070098_0_2074872741302696997.csv,1,2,0.00100,0.61500
99070098_0_2074872741302696997.csv,1,3,0.00300,0.89000
99070098_0_2074872741302696997.csv,1,4,0.06100,0.88700
99070098_0_2074872741302696997.csv,1,5,0.11200,0.88400
21245481_0_8730460088443117515.csv,1,1,0.00100,0.00100
21245481_0_8730460088443117515.csv,1,2,0.00100,0.00300
21245481_0_8730460088443117515.csv,1,3,0.00200,0.34500
21245481_0_8730460088443117515.csv,1,4,0.04400,0.76200
21245481_0_8730460088443117515.csv,1,5,0.08300,0.83500
18422942_0_3659164506677528063.csv,0,1,-1.00000,-1.00000
18422942_0_3659164506677528063.csv,0,2,-1.00000,-1.00000
18422942_0_3659164506677528063.csv,0,3,-1.00000,-1.00000
18422942_0_3659164506677528063.csv,0,4,-1.00000,-1.00000
18422942_0_3659164506677528063.csv,0,5,-1.00000,-1.00000
13357355_0_5384862281417742530.csv,0,1,-1.00000,-1.00000
13357355_0_5384862281417742530.csv,0,2,-1.00000,-1.00000
13357355_0_5384862281417742530.csv,0,3,-1.00000,-1.00000
13357355_0_5384862281417742530.csv,0,4,-1.00000,-1.00000
13357355_0_5384862281417742530.csv,0,5,-1.00000,-1.00000
28079336_1_3124145965038277571.csv,1,1,0.00100,0.01400
28079336_1_3124145965038277571.csv,1,2,0.00100,0.02700
28079336_1_3124145965038277571.csv,1,3,0.01100,0.37300
28079336_1_3124145965038277571.csv,1,4,0.10700,0.67800
28079336_1_3124145965038277571.csv,1,5,0.18500,0.68500
16949304_0_2573050770332101882.csv,0,1,0.00100,0.99900
16949304_0_2573050770332101882.csv,0,2,0.00100,0.99900
16949304_0_2573050770332101882.csv,0,3,0.00100,0.99900
16949304_0_2573050770332101882.csv,0,4,0.00100,0.99900
16949304_0_2573050770332101882.csv,0,5,0.00100,0.99900
56224555_0_3713922722778385817.csv,1,1,0.00100,0.02100
56224555_0_3713922722778385817.csv,1,2,0.00100,0.04200
56224555_0_3713922722778385817.csv,1,3,0.01100,0.48200
56224555_0_3713922722778385817.csv,1,4,0.10600,0.76700
56224555_0_3713922722778385817.csv,1,5,0.18500,0.83100
91959037_0_7907661684242014480.csv,1,1,-1.00000,-1.00000
91959037_0_7907661684242014480.csv,1,2,0.00100,0.00100
91959037_0_7907661684242014480.csv,1,3,0.00200,0.22200
91959037_0_7907661684242014480.csv,1,4,0.04000,0.58000
91959037_0_7907661684242014480.csv,1,5,0.07400,0.70200
21362676_0_6854186738074119688.csv,1,1,0.00100,0.00700
21362676_0_6854186738074119688.csv,1,2,0.00100,0.01500
21362676_0_6854186738074119688.csv,1,3,0.04200,0.17500
21362676_0_6854186738074119688.csv,1,4,0.34300,0.38800
21362676_0_6854186738074119688.csv,1,5,0.50000,0.51400
44206774_0_3810538885942465703.csv,1,1,0.00100,0.01500
44206774_0_3810538885942465703.csv,1,2,0.00100,0.03100
44206774_0_3810538885942465703.csv,1,3,0.00100,0.44200
44206774_0_3810538885942465703.csv,1,4,0.00900,0.68300
44206774_0_3810538885942465703.csv,1,5,0.01800,0.76900
89511064_0_2199624509082573904.csv,2,1,0.00100,0.06300
89511064_0_2199624509082573904.csv,2,2,0.00100,0.11900
89511064_0_2199624509082573904.csv,2,3,0.00200,0.66400
89511064_0_2199624509082573904.csv,2,4,0.06500,0.69500
89511064_0_2199624509082573904.csv,2,5,0.12000,0.69100
86747932_0_7532457067740920052.csv,1,1,-1.00000,-1.00000
86747932_0_7532457067740920052.csv,1,2,-1.00000,-1.00000
86747932_0_7532457067740920052.csv,1,3,0.00100,0.08300
86747932_0_7532457067740920052.csv,1,4,0.01600,0.49800
86747932_0_7532457067740920052.csv,1,5,0.03100,0.65500
41194422_1_1172256090552737974.csv,1,1,0.00100,0.09300
41194422_1_1172256090552737974.csv,1,2,0.00100,0.17000
41194422_1_1172256090552737974.csv,1,3,0.00200,0.71500
41194422_1_1172256090552737974.csv,1,4,0.06400,0.71000
41194422_1_1172256090552737974.csv,1,5,0.11800,0.70600
69381058_0_984708047398578866.csv,0,1,-1.00000,-1.00000
69381058_0_984708047398578866.csv,0,2,0.00100,0.00100
69381058_0_984708047398578866.csv,0,3,0.00500,0.13500
69381058_0_984708047398578866.csv,0,4,0.10200,0.54000
69381058_0_984708047398578866.csv,0,5,0.18200,0.68700
48944826_0_2321751364268052533.csv,2,1,0.00100,0.01800
48944826_0_2321751364268052533.csv,2,2,0.00100,0.03500
48944826_0_2321751364268052533.csv,2,3,0.00100,0.35200
48944826_0_2321751364268052533.csv,2,4,0.02000,0.65100
48944826_0_2321751364268052533.csv,2,5,0.03700,0.76100
93702496_0_39013305210829591.csv,1,1,0.00100,0.01900
93702496_0_39013305210829591.csv,1,2,0.00100,0.03900
93702496_0_39013305210829591.csv,1,3,0.01100,0.45800
93702496_0_39013305210829591.csv,1,4,0.10700,0.75000
93702496_0_39013305210829591.csv,1,5,0.18500,0.73700
32460905_0_5195150472060854231.csv,0,1,0.00100,0.99900
32460905_0_5195150472060854231.csv,0,2,0.00100,0.99900
32460905_0_5195150472060854231.csv,0,3,0.00100,0.99900
32460905_0_5195150472060854231.csv,0,4,0.00100,0.99900
32460905_0_5195150472060854231.csv,0,5,0.00100,0.99900
48456557_0_3760853481322708783.csv,0,1,0.00100,0.95100
48456557_0_3760853481322708783.csv,0,2,0.00200,0.95100
48456557_0_3760853481322708783.csv,0,3,0.05000,0.95000
48456557_0_3760853481322708783.csv,0,4,0.23000,0.94300
48456557_0_3760853481322708783.csv,0,5,0.35300,0.93300
52572391_0_8684896999787304275.csv,0,1,0.00100,0.06000
52572391_0_8684896999787304275.csv,0,2,0.00100,0.11400
52572391_0_8684896999787304275.csv,0,3,0.00900,0.72900
52572391_0_8684896999787304275.csv,0,4,0.08800,0.79700
52572391_0_8684896999787304275.csv,0,5,0.15600,0.78400
68779923_4_1832350971585698643.csv,0,1,0.00100,0.02700
68779923_4_1832350971585698643.csv,0,2,0.00100,0.05400
68779923_4_1832350971585698643.csv,0,3,0.00200,0.45500
68779923_4_1832350971585698643.csv,0,4,0.06900,0.66600
68779923_4_1832350971585698643.csv,0,5,0.12700,0.66100
9475172_1_1023126399856690702.csv,1,1,0.00100,0.01000
9475172_1_1023126399856690702.csv,1,2,0.00100,0.02000
9475172_1_1023126399856690702.csv,1,3,0.00500,0.23200
9475172_1_1023126399856690702.csv,1,4,0.09100,0.49800
9475172_1_1023126399856690702.csv,1,5,0.16300,0.62700
90196673_0_5458330029110291950.csv,0,1,0.00100,0.94100
90196673_0_5458330029110291950.csv,0,2,0.00200,0.94100
90196673_0_5458330029110291950.csv,0,3,0.05500,0.93900
90196673_0_5458330029110291950.csv,0,4,0.24700,0.93100
90196673_0_5458330029110291950.csv,0,5,0.37500,0.91900
21801207_0_8144839668470123042.csv,5,1,0.00100,0.84600
21801207_0_8144839668470123042.csv,5,2,0.00100,0.84600
21801207_0_8144839668470123042.csv,5,3,0.00100,0.84600
21801207_0_8144839668470123042.csv,5,4,0.01400,0.84100
21801207_0_8144839668470123042.csv,5,5,0.02700,0.83700
27466715_0_3913547177671701530.csv,0,1,0.00100,0.00100
27466715_0_3913547177671701530.csv,0,2,0.00100,0.00300
27466715_0_3913547177671701530.csv,0,3,0.00200,0.43900
27466715_0_3913547177671701530.csv,0,4,0.03100,0.72900
27466715_0_3913547177671701530.csv,0,5,0.05900,0.82100
26270372_1_3774607938887520564.csv,0,1,-1.00000,-1.00000
26270372_1_3774607938887520564.csv,0,2,-1.00000,-1.00000
26270372_1_3774607938887520564.csv,0,3,0.00100,0.00200
26270372_1_3774607938887520564.csv,0,4,0.00100,0.06900
26270372_1_3774607938887520564.csv,0,5,0.00100,0.12700
91474256_0_964747655387573523.csv,1,1,0.00100,0.00500
91474256_0_964747655387573523.csv,1,2,0.00100,0.01100
91474256_0_964747655387573523.csv,1,3,0.00900,0.23300
91474256_0_964747655387573523.csv,1,4,0.16600,0.56500
91474256_0_964747655387573523.csv,1,5,0.28000,0.64800
88353875_0_4876234304797064286.csv,0,1,0.00100,0.38400
88353875_0_4876234304797064286.csv,0,2,0.00100,0.55400
88353875_0_4876234304797064286.csv,0,3,0.00300,0.88000
88353875_0_4876234304797064286.csv,0,4,0.06200,0.87700
88353875_0_4876234304797064286.csv,0,5,0.11400,0.87300
78650283_0_5937576517849452289.csv,0,1,0.00100,0.08100
78650283_0_5937576517849452289.csv,0,2,0.00100,0.14900
78650283_0_5937576517849452289.csv,0,3,0.00200,0.71100
78650283_0_5937576517849452289.csv,0,4,0.06300,0.70600
78650283_0_5937576517849452289.csv,0,5,0.11700,0.70200
50270082_0_444360818941411589.csv,1,1,0.00100,0.02300
50270082_0_444360818941411589.csv,1,2,0.00100,0.04400
50270082_0_444360818941411589.csv,1,3,0.00200,0.52900
50270082_0_444360818941411589.csv,1,4,0.02400,0.76600
50270082_0_444360818941411589.csv,1,5,0.04500,0.83400
88523363_0_8180214313099580515.csv,0,1,0.00100,0.02400
88523363_0_8180214313099580515.csv,0,2,0.00100,0.04800
88523363_0_8180214313099580515.csv,0,3,0.00400,0.52400
88523363_0_8180214313099580515.csv,0,4,0.05500,0.80600
88523363_0_8180214313099580515.csv,0,5,0.10100,0.87800
69881946_0_1105130426898457358.csv,1,1,0.00100,0.00600
69881946_0_1105130426898457358.csv,1,2,0.00100,0.01200
69881946_0_1105130426898457358.csv,1,3,0.04100,0.15100
69881946_0_1105130426898457358.csv,1,4,0.33500,0.34700
69881946_0_1105130426898457358.csv,1,5,-1.00000,-1.00000
53822652_0_5767892317858575530.csv,1,1,0.00100,0.00800
53822652_0_5767892317858575530.csv,1,2,0.00100,0.01600
53822652_0_5767892317858575530.csv,1,3,0.02600,0.19100
53822652_0_5767892317858575530.csv,1,4,0.25400,0.41400
53822652_0_5767892317858575530.csv,1,5,0.39600,0.54000
55004961_0_2904467548072189860.csv,0,1,0.00100,0.02700
55004961_0_2904467548072189860.csv,0,2,0.00100,0.05300
55004961_0_2904467548072189860.csv,0,3,0.00200,0.45100
55004961_0_2904467548072189860.csv,0,4,0.05900,0.71300
55004961_0_2904467548072189860.csv,0,5,0.10900,0.70900
21585935_0_294037497010176843.csv,1,1,0.00100,0.00200
21585935_0_294037497010176843.csv,1,2,0.00100,0.00400
21585935_0_294037497010176843.csv,1,3,0.00200,0.26300
21585935_0_294037497010176843.csv,1,4,0.02500,0.72800
21585935_0_294037497010176843.csv,1,5,0.04700,0.83300
10579449_0_1681126353774891032.csv,1,1,0.00100,0.00100
10579449_0_1681126353774891032.csv,1,2,0.00100,0.00200
10579449_0_1681126353774891032.csv,1,3,0.00100,0.26100
10579449_0_1681126353774891032.csv,1,4,0.00800,0.65700
10579449_0_1681126353774891032.csv,1,5,0.01500,0.76700
1146722_1_7558140036342906956.csv,0,1,0.00100,0.44400
1146722_1_7558140036342906956.csv,0,2,0.00100,0.61300
1146722_1_7558140036342906956.csv,0,3,0.00300,0.89000
1146722_1_7558140036342906956.csv,0,4,0.06000,0.88700
1146722_1_7558140036342906956.csv,0,5,0.11200,0.88400
68779923_1_3240042497463101224.csv,0,1,0.00100,0.10600
68779923_1_3240042497463101224.csv,0,2,0.00100,0.19200
68779923_1_3240042497463101224.csv,0,3,0.00200,0.72800
68779923_1_3240042497463101224.csv,0,4,0.05200,0.72400
68779923_1_3240042497463101224.csv,0,5,0.09800,0.71900
80184932_0_4240003884724905487.csv,0,1,-1.00000,-1.00000
80184932_0_4240003884724905487.csv,0,2,-1.00000,-1.00000
80184932_0_4240003884724905487.csv,0,3,-1.00000,-1.00000
80184932_0_4240003884724905487.csv,0,4,-1.00000,-1.00000
80184932_0_4240003884724905487.csv,0,5,-1.00000,-1.00000
90325533_0_6668263142989366843.csv,0,1,0.00100,0.24300
90325533_0_6668263142989366843.csv,0,2,0.00100,0.39000
90325533_0_6668263142989366843.csv,0,3,0.00100,0.80600
90325533_0_6668263142989366843.csv,0,4,0.00100,0.91100
90325533_0_6668263142989366843.csv,0,5,0.00100,0.92400
98929678_0_3700213490979945526.csv,0,1,-1.00000,-1.00000
98929678_0_3700213490979945526.csv,0,2,0.00100,0.00100
98929678_0_3700213490979945526.csv,0,3,0.00200,0.19700
98929678_0_3700213490979945526.csv,0,4,0.04200,0.70400
98929678_0_3700213490979945526.csv,0,5,0.08000,0.81900
29021592_3_2299138476894681059.csv,0,1,-1.00000,-1.00000
29021592_3_2299138476894681059.csv,0,2,-1.00000,-1.00000
29021592_3_2299138476894681059.csv,0,3,-1.00000,-1.00000
29021592_3_2299138476894681059.csv,0,4,-1.00000,-1.00000
29021592_3_2299138476894681059.csv,0,5,-1.00000,-1.00000
75367212_2_2745466355267233390.csv,0,1,0.00100,0.02800
75367212_2_2745466355267233390.csv,0,2,0.00100,0.05500
75367212_2_2745466355267233390.csv,0,3,0.00200,0.46100
75367212_2_2745466355267233390.csv,0,4,0.03100,0.74600
75367212_2_2745466355267233390.csv,0,5,0.05900,0.83400
22987653_0_7774852112768859306.csv,1,1,0.00100,0.14400
22987653_0_7774852112768859306.csv,1,2,0.00100,0.25000
22987653_0_7774852112768859306.csv,1,3,0.00300,0.63300
22987653_0_7774852112768859306.csv,1,4,0.04300,0.78000
22987653_0_7774852112768859306.csv,1,5,0.08000,0.80800
76836443_2_249332777049648171.csv,0,1,0.00100,0.05100
76836443_2_249332777049648171.csv,0,2,0.00100,0.09700
76836443_2_249332777049648171.csv,0,3,0.00400,0.36000
76836443_2_249332777049648171.csv,0,4,0.05900,0.54100
76836443_2_249332777049648171.csv,0,5,0.10900,0.64200
72017594_0_7055198579167316152.csv,0,1,-1.00000,-1.00000
72017594_0_7055198579167316152.csv,0,2,-1.00000,-1.00000
72017594_0_7055198579167316152.csv,0,3,0.00100,0.10800
72017594_0_7055198579167316152.csv,0,4,0.02300,0.56500
72017594_0_7055198579167316152.csv,0,5,0.04400,0.71200
30645756_0_2413317245475669227.csv,0,1,0.00100,0.01200
30645756_0_2413317245475669227.csv,0,2,0.00100,0.02500
30645756_0_2413317245475669227.csv,0,3,0.00100,0.37800
30645756_0_2413317245475669227.csv,0,4,0.02300,0.72600
30645756_0_2413317245475669227.csv,0,5,0.04400,0.77800
55027702_0_628532586316851176.csv,0,1,-1.00000,-1.00000
55027702_0_628532586316851176.csv,0,2,-1.00000,-1.00000
55027702_0_628532586316851176.csv,0,3,0.00100,0.11400
55027702_0_628532586316851176.csv,0,4,0.01400,0.55500
55027702_0_628532586316851176.csv,0,5,0.02700,0.70300
61753761_9_4735181228515289890.csv,1,1,-1.00000,-1.00000
61753761_9_4735181228515289890.csv,1,2,0.00100,0.00100
61753761_9_4735181228515289890.csv,1,3,0.00100,0.15200
61753761_9_4735181228515289890.csv,1,4,0.02900,0.65800
61753761_9_4735181228515289890.csv,1,5,0.05600,0.75900
36102169_0_7739454799295072814.csv,2,1,0.00100,0.00100
36102169_0_7739454799295072814.csv,2,2,0.00100,0.00200
36102169_0_7739454799295072814.csv,2,3,0.00200,0.34100
36102169_0_7739454799295072814.csv,2,4,0.03600,0.64000
36102169_0_7739454799295072814.csv,2,5,0.06700,0.75300
46671561_0_6122315295162029872.csv,0,1,0.00100,0.01800
46671561_0_6122315295162029872.csv,0,2,0.00100,0.03600
46671561_0_6122315295162029872.csv,0,3,0.00200,0.35600
46671561_0_6122315295162029872.csv,0,4,0.04200,0.65500
46671561_0_6122315295162029872.csv,0,5,0.07900,0.73300
43237185_1_3636357855502246981.csv,0,1,0.00100,0.14600
43237185_1_3636357855502246981.csv,0,2,0.00100,0.25400
43237185_1_3636357855502246981.csv,0,3,0.00100,0.63900
43237185_1_3636357855502246981.csv,0,4,0.00100,0.78700
43237185_1_3636357855502246981.csv,0,5,0.00100,0.84900
61626303_0_266372209664087642.csv,1,1,-1.00000,-1.00000
61626303_0_266372209664087642.csv,1,2,-1.00000,-1.00000
61626303_0_266372209664087642.csv,1,3,0.00200,0.09500
61626303_0_266372209664087642.csv,1,4,0.05400,0.53800
61626303_0_266372209664087642.csv,1,5,0.10100,0.69000
30166286_0_1837439231599898748.csv,2,1,0.00100,0.20200
30166286_0_1837439231599898748.csv,2,2,0.00100,0.33500
30166286_0_1837439231599898748.csv,2,3,0.00200,0.72300
30166286_0_1837439231599898748.csv,2,4,0.03200,0.84500
30166286_0_1837439231599898748.csv,2,5,0.06000,0.89000
29886325_0_1448173912684571475.csv,1,1,0.00100,0.00700
29886325_0_1448173912684571475.csv,1,2,0.00100,0.01500
29886325_0_1448173912684571475.csv,1,3,0.00900,0.27900
29886325_0_1448173912684571475.csv,1,4,0.16800,0.61200
29886325_0_1448173912684571475.csv,1,5,0.28300,0.67100
19073331_0_2742992342272078110.csv,0,1,0.00100,0.88200
19073331_0_2742992342272078110.csv,0,2,0.00100,0.88200
19073331_0_2742992342272078110.csv,0,3,0.00100,0.88200
19073331_0_2742992342272078110.csv,0,4,0.00100,0.87900
19073331_0_2742992342272078110.csv,0,5,0.00100,0.87700
13395751_3_369722706637560735.csv,0,1,-1.00000,-1.00000
13395751_3_369722706637560735.csv,0,2,-1.00000,-1.00000
13395751_3_369722706637560735.csv,0,3,0.00200,0.09200
13395751_3_369722706637560735.csv,0,4,0.04300,0.49500
13395751_3_369722706637560735.csv,0,5,0.08000,0.65100
45533669_1_7463037039059239824.csv,0,1,-1.00000,-1.00000
45533669_1_7463037039059239824.csv,0,2,-1.00000,-1.00000
45533669_1_7463037039059239824.csv,0,3,0.00200,0.02400
45533669_1_7463037039059239824.csv,0,4,0.05400,0.21500
45533669_1_7463037039059239824.csv,0,5,0.10000,0.34400
80588006_0_6965325215443683359.csv,1,1,0.00100,0.10400
80588006_0_6965325215443683359.csv,1,2,0.00100,0.18900
80588006_0_6965325215443683359.csv,1,3,0.00100,0.77500
80588006_0_6965325215443683359.csv,1,4,0.01200,0.83600
80588006_0_6965325215443683359.csv,1,5,0.02300,0.83300
52299421_0_4473286348258170200.csv,1,1,0.00100,0.07900
52299421_0_4473286348258170200.csv,1,2,0.00100,0.14600
52299421_0_4473286348258170200.csv,1,3,0.00200,0.71500
52299421_0_4473286348258170200.csv,1,4,0.05500,0.76900
52299421_0_4473286348258170200.csv,1,5,0.10400,0.76500
5972322_0_3150366936082777235.csv,0,1,0.00100,0.81300
5972322_0_3150366936082777235.csv,0,2,0.00100,0.81300
5972322_0_3150366936082777235.csv,0,3,0.00100,0.81300
5972322_0_3150366936082777235.csv,0,4,0.00800,0.81000
5972322_0_3150366936082777235.csv,0,5,0.01600,0.80600
28086084_0_3127660530989916727.csv,0,1,-1.00000,-1.00000
28086084_0_3127660530989916727.csv,0,2,-1.00000,-1.00000
28086084_0_3127660530989916727.csv,0,3,-1.00000,-1.00000
28086084_0_3127660530989916727.csv,0,4,-1.00000,-1.00000
28086084_0_3127660530989916727.csv,0,5,-1.00000,-1.00000
58891288_0_1117541047012405958.csv,1,1,-1.00000,-1.00000
58891288_0_1117541047012405958.csv,1,2,-1.00000,-1.00000
58891288_0_1117541047012405958.csv,1,3,-1.00000,-1.00000
58891288_0_1117541047012405958.csv,1,4,-1.00000,-1.00000
58891288_0_1117541047012405958.csv,1,5,-1.00000,-1.00000
78891639_0_3299957631631122948.csv,1,1,0.00100,0.00700
78891639_0_3299957631631122948.csv,1,2,0.00100,0.01400
78891639_0_3299957631631122948.csv,1,3,0.00800,0.27300
78891639_0_3299957631631122948.csv,1,4,0.15700,0.61700
78891639_0_3299957631631122948.csv,1,5,0.26800,0.66000
24036779_0_5608105867560183058.csv,0,1,0.00100,0.08300
24036779_0_5608105867560183058.csv,0,2,0.00100,0.15400
24036779_0_5608105867560183058.csv,0,3,0.00200,0.72700
24036779_0_5608105867560183058.csv,0,4,0.05700,0.75200
24036779_0_5608105867560183058.csv,0,5,0.10700,0.74800
42764224_0_515744189130384109.csv,0,1,0.00100,0.02700
42764224_0_515744189130384109.csv,0,2,0.00100,0.05300
42764224_0_515744189130384109.csv,0,3,0.00100,0.56900
42764224_0_515744189130384109.csv,0,4,0.00100,0.85200
42764224_0_515744189130384109.csv,0,5,0.00100,0.91100
69537082_0_7789694313271016902.csv,1,1,0.00100,0.06300
69537082_0_7789694313271016902.csv,1,2,0.00100,0.11800
69537082_0_7789694313271016902.csv,1,3,0.00200,0.66300
69537082_0_7789694313271016902.csv,1,4,0.06800,0.68800
69537082_0_7789694313271016902.csv,1,5,0.12600,0.68400
73242003_5_4847571983313033360.csv,1,1,0.00100,0.99900
73242003_5_4847571983313033360.csv,1,2,0.00100,0.99900
73242003_5_4847571983313033360.csv,1,3,0.00100,0.99900
73242003_5_4847571983313033360.csv,1,4,0.00100,0.99900
73242003_5_4847571983313033360.csv,1,5,0.00100,0.99900
84575189_0_6365692015941409487.csv,2,1,-1.00000,-1.00000
84575189_0_6365692015941409487.csv,2,2,-1.00000,-1.00000
84575189_0_6365692015941409487.csv,2,3,0.00100,0.01500
84575189_0_6365692015941409487.csv,2,4,0.04400,0.19400
84575189_0_6365692015941409487.csv,2,5,0.08300,0.31800
46646666_0_5802598112171303204.csv,0,1,-1.00000,-1.00000
46646666_0_5802598112171303204.csv,0,2,-1.00000,-1.00000
46646666_0_5802598112171303204.csv,0,3,-1.00000,-1.00000
46646666_0_5802598112171303204.csv,0,4,-1.00000,-1.00000
46646666_0_5802598112171303204.csv,0,5,-1.00000,-1.00000
3389822_6_374624044314151266.csv,1,1,0.00100,0.19000
3389822_6_374624044314151266.csv,1,2,0.00100,0.31900
3389822_6_374624044314151266.csv,1,3,0.00300,0.75200
3389822_6_374624044314151266.csv,1,4,0.06000,0.87800
3389822_6_374624044314151266.csv,1,5,0.11100,0.88200
11599512_1_280388135214354946.csv,1,1,0.00100,0.09100
11599512_1_280388135214354946.csv,1,2,0.00100,0.16700
11599512_1_280388135214354946.csv,1,3,0.00200,0.72100
11599512_1_280388135214354946.csv,1,4,0.05300,0.71700
11599512_1_280388135214354946.csv,1,5,0.09900,0.71300
28993628_1_6072768612274729703.csv,1,1,0.00100,0.92300
28993628_1_6072768612274729703.csv,1,2,0.00100,0.92300
28993628_1_6072768612274729703.csv,1,3,0.00100,0.92300
28993628_1_6072768612274729703.csv,1,4,0.00100,0.92000
28993628_1_6072768612274729703.csv,1,5,0.00100,0.91800
84675086_0_6386416780680710863.csv,0,1,0.00100,0.00800
84675086_0_6386416780680710863.csv,0,2,0.00100,0.01600
84675086_0_6386416780680710863.csv,0,3,0.00100,0.40100
84675086_0_6386416780680710863.csv,0,4,0.01800,0.79100
84675086_0_6386416780680710863.csv,0,5,0.03500,0.87400
15700884_0_8204220284166767221.csv,0,1,0.00100,0.00400
15700884_0_8204220284166767221.csv,0,2,0.00100,0.00900
15700884_0_8204220284166767221.csv,0,3,0.01100,0.16400
15700884_0_8204220284166767221.csv,0,4,0.10600,0.41000
15700884_0_8204220284166767221.csv,0,5,0.18400,0.54400
93078729_0_1451251196788678526.csv,0,1,0.00100,0.00100
93078729_0_1451251196788678526.csv,0,2,0.00100,0.00200
93078729_0_1451251196788678526.csv,0,3,0.00100,0.30700
93078729_0_1451251196788678526.csv,0,4,0.02300,0.81100
93078729_0_1451251196788678526.csv,0,5,0.04300,0.86600
12746760_0_6703465836620308483.csv,0,1,0.00100,0.80200
12746760_0_6703465836620308483.csv,0,2,0.00100,0.80200
12746760_0_6703465836620308483.csv,0,3,0.00100,0.80200
12746760_0_6703465836620308483.csv,0,4,0.00800,0.79800
12746760_0_6703465836620308483.csv,0,5,0.01600,0.79400
7929299_0_3253718003116029649.csv,1,1,0.00100,0.00200
7929299_0_3253718003116029649.csv,1,2,0.00100,0.00400
7929299_0_3253718003116029649.csv,1,3,0.00200,0.26300
7929299_0_3253718003116029649.csv,1,4,0.02500,0.72800
7929299_0_3253718003116029649.csv,1,5,0.04700,0.83300
33167985_0_5220049369716352813.csv,0,1,-1.00000,-1.00000
33167985_0_5220049369716352813.csv,0,2,-1.00000,-1.00000
33167985_0_5220049369716352813.csv,0,3,-1.00000,-1.00000
33167985_0_5220049369716352813.csv,0,4,-1.00000,-1.00000
33167985_0_5220049369716352813.csv,0,5,-1.00000,-1.00000
97941125_0_8220652154649529701.csv,0,1,0.00100,0.09800
97941125_0_8220652154649529701.csv,0,2,0.00100,0.17800
97941125_0_8220652154649529701.csv,0,3,0.00200,0.72100
97941125_0_8220652154649529701.csv,0,4,0.06200,0.71700
97941125_0_8220652154649529701.csv,0,5,0.11600,0.71300
8468806_0_4382447409703007384.csv,1,1,-1.00000,-1.00000
8468806_0_4382447409703007384.csv,1,2,-1.00000,-1.00000
8468806_0_4382447409703007384.csv,1,3,0.00300,0.10100
8468806_0_4382447409703007384.csv,1,4,0.06600,0.52200
8468806_0_4382447409703007384.csv,1,5,0.12100,0.66000
49772588_0_6549847739640234347.csv,4,1,0.00100,0.07500
49772588_0_6549847739640234347.csv,4,2,0.00100,0.14000
49772588_0_6549847739640234347.csv,4,3,0.00200,0.70500
49772588_0_6549847739640234347.csv,4,4,0.06200,0.71200
49772588_0_6549847739640234347.csv,4,5,0.11500,0.70700
14067031_0_559833072073397908.csv,0,1,0.00100,0.15200
14067031_0_559833072073397908.csv,0,2,0.00100,0.26300
14067031_0_559833072073397908.csv,0,3,0.00200,0.66000
14067031_0_559833072073397908.csv,0,4,0.07100,0.65500
14067031_0_559833072073397908.csv,0,5,0.13100,0.65000
48805028_0_8933391169600128370.csv,0,1,0.00100,0.01200
48805028_0_8933391169600128370.csv,0,2,0.00100,0.02500
48805028_0_8933391169600128370.csv,0,3,0.00100,0.51800
48805028_0_8933391169600128370.csv,0,4,0.00100,0.85900
48805028_0_8933391169600128370.csv,0,5,0.00100,0.91700
41336118_0_4331895026409635103.csv,0,1,0.00100,0.02300
41336118_0_4331895026409635103.csv,0,2,0.00100,0.04600
41336118_0_4331895026409635103.csv,0,3,0.01000,0.50100
41336118_0_4331895026409635103.csv,0,4,0.09800,0.74300
41336118_0_4331895026409635103.csv,0,5,0.17200,0.72700
68779923_0_3859283110041832023.csv,0,1,0.00100,0.06200
68779923_0_3859283110041832023.csv,0,2,0.00100,0.11600
68779923_0_3859283110041832023.csv,0,3,0.00200,0.65900
68779923_0_3859283110041832023.csv,0,4,0.05600,0.76600
68779923_0_3859283110041832023.csv,0,5,0.10400,0.76200
