fname,colid,fs,alpha,k
1438042986423_95_20150728002306-00125-ip-10-236-191-2_88435628_5.tar.gz.csv,0,1,0.001,1
1438042986423_95_20150728002306-00125-ip-10-236-191-2_88435628_5.tar.gz.csv,0,2,0.001,1
1438042986423_95_20150728002306-00125-ip-10-236-191-2_88435628_5.tar.gz.csv,0,3,0.001,1
1438042986423_95_20150728002306-00125-ip-10-236-191-2_88435628_5.tar.gz.csv,0,4,0.03400000000000002,1
1438042986423_95_20150728002306-00125-ip-10-236-191-2_88435628_5.tar.gz.csv,0,5,0.06400000000000004,1
1438042989018_40_20150728002309-00067-ip-10-236-191-2_57714692_2.tar.gz.csv,0,1,0.001,1
1438042989018_40_20150728002309-00067-ip-10-236-191-2_57714692_2.tar.gz.csv,0,2,0.001,1
1438042989018_40_20150728002309-00067-ip-10-236-191-2_57714692_2.tar.gz.csv,0,3,0.012000000000000004,1
1438042989018_40_20150728002309-00067-ip-10-236-191-2_57714692_2.tar.gz.csv,0,4,0.2570000000000002,1
1438042989018_40_20150728002309-00067-ip-10-236-191-2_57714692_2.tar.gz.csv,0,5,0.4050000000000003,1
1438042989043_35_20150728002309-00287-ip-10-236-191-2_875026214_2.tar.gz.csv,0,1,0.001,1
1438042989043_35_20150728002309-00287-ip-10-236-191-2_875026214_2.tar.gz.csv,0,2,0.001,1
1438042989043_35_20150728002309-00287-ip-10-236-191-2_875026214_2.tar.gz.csv,0,3,0.005,1
1438042989043_35_20150728002309-00287-ip-10-236-191-2_875026214_2.tar.gz.csv,0,4,0.11500000000000009,1
1438042989043_35_20150728002309-00287-ip-10-236-191-2_875026214_2.tar.gz.csv,0,5,0.20300000000000015,1
68779923_2_1000046510804975562.tar.gz.csv,0,1,0.001,1
68779923_2_1000046510804975562.tar.gz.csv,0,2,0.001,1
68779923_2_1000046510804975562.tar.gz.csv,0,3,0.002,1
68779923_2_1000046510804975562.tar.gz.csv,0,4,0.04100000000000003,1
68779923_2_1000046510804975562.tar.gz.csv,0,5,0.07800000000000006,1
71137051_0_8039724067857124984.tar.gz.csv,0,1,0.001,1
71137051_0_8039724067857124984.tar.gz.csv,0,2,0.001,1
71137051_0_8039724067857124984.tar.gz.csv,0,3,0.001,1
71137051_0_8039724067857124984.tar.gz.csv,0,4,0.028000000000000018,1
71137051_0_8039724067857124984.tar.gz.csv,0,5,0.05400000000000004,1
39650055_5_7135804139753401681.tar.gz.csv,1,1,0.001,1
39650055_5_7135804139753401681.tar.gz.csv,1,2,0.001,1
39650055_5_7135804139753401681.tar.gz.csv,1,3,0.014000000000000005,1
39650055_5_7135804139753401681.tar.gz.csv,1,4,0.1350000000000001,1
39650055_5_7135804139753401681.tar.gz.csv,1,5,0.22900000000000018,1
64207896_0_3206705146602325658.tar.gz.csv,0,1,0.001,3
64207896_0_3206705146602325658.tar.gz.csv,0,2,0.001,3
64207896_0_3206705146602325658.tar.gz.csv,0,3,0.002,1
64207896_0_3206705146602325658.tar.gz.csv,0,4,0.08000000000000006,2
64207896_0_3206705146602325658.tar.gz.csv,0,5,0.1480000000000001,2
90593344_0_8311455501234425088.tar.gz.csv,1,1,0.001,1
90593344_0_8311455501234425088.tar.gz.csv,1,2,0.001,1
90593344_0_8311455501234425088.tar.gz.csv,1,3,0.003,1
90593344_0_8311455501234425088.tar.gz.csv,1,4,0.060000000000000046,1
90593344_0_8311455501234425088.tar.gz.csv,1,5,0.11100000000000008,1
41839679_0_3009344178474568371.tar.gz.csv,1,1,0.001,4
41839679_0_3009344178474568371.tar.gz.csv,1,2,0.001,4
41839679_0_3009344178474568371.tar.gz.csv,1,3,0.002,1
41839679_0_3009344178474568371.tar.gz.csv,1,4,0.10200000000000008,2
41839679_0_3009344178474568371.tar.gz.csv,1,5,0.18300000000000013,2
12125836_0_1134348206297032434.tar.gz.csv,1,1,0.001,1
12125836_0_1134348206297032434.tar.gz.csv,1,2,0.001,1
12125836_0_1134348206297032434.tar.gz.csv,1,3,0.001,1
12125836_0_1134348206297032434.tar.gz.csv,1,4,0.001,1
12125836_0_1134348206297032434.tar.gz.csv,1,5,0.001,1
2066887_0_746204117268168398.tar.gz.csv,0,1,0.001,1
2066887_0_746204117268168398.tar.gz.csv,0,2,0.001,1
2066887_0_746204117268168398.tar.gz.csv,0,3,0.001,1
2066887_0_746204117268168398.tar.gz.csv,0,4,0.001,1
2066887_0_746204117268168398.tar.gz.csv,0,5,0.002,1
24859353_0_7027810986004269522.tar.gz.csv,1,1,0.001,12
24859353_0_7027810986004269522.tar.gz.csv,1,2,0.001,12
24859353_0_7027810986004269522.tar.gz.csv,1,3,0.001,4
24859353_0_7027810986004269522.tar.gz.csv,1,4,0.001,2
24859353_0_7027810986004269522.tar.gz.csv,1,5,0.001,2
37856682_0_6818907050314633217.tar.gz.csv,0,1,0.001,12
37856682_0_6818907050314633217.tar.gz.csv,0,2,0.001,10
37856682_0_6818907050314633217.tar.gz.csv,0,3,0.07200000000000005,13
37856682_0_6818907050314633217.tar.gz.csv,0,4,0.8190000000000006,17
37856682_0_6818907050314633217.tar.gz.csv,0,5,0.8980000000000007,17
29414811_13_8724394428539174350.tar.gz.csv,1,1,0.001,2
29414811_13_8724394428539174350.tar.gz.csv,1,2,0.001,2
29414811_13_8724394428539174350.tar.gz.csv,1,3,0.001,1
29414811_13_8724394428539174350.tar.gz.csv,1,4,0.001,1
29414811_13_8724394428539174350.tar.gz.csv,1,5,0.001,1
55961337_0_6548713781034932742.tar.gz.csv,0,1,0.001,16
55961337_0_6548713781034932742.tar.gz.csv,0,2,0.001,13
55961337_0_6548713781034932742.tar.gz.csv,0,3,0.006,5
55961337_0_6548713781034932742.tar.gz.csv,0,4,0.3130000000000002,9
55961337_0_6548713781034932742.tar.gz.csv,0,5,0.47500000000000037,10
5873256_0_7795190905731964989.tar.gz.csv,1,1,0.001,2
5873256_0_7795190905731964989.tar.gz.csv,1,2,0.001,2
5873256_0_7795190905731964989.tar.gz.csv,1,3,0.001,1
5873256_0_7795190905731964989.tar.gz.csv,1,4,0.016000000000000007,1
5873256_0_7795190905731964989.tar.gz.csv,1,5,0.03000000000000002,1
12183399_0_6725061928072492226.tar.gz.csv,0,1,0.001,1
12183399_0_6725061928072492226.tar.gz.csv,0,2,0.001,1
12183399_0_6725061928072492226.tar.gz.csv,0,3,0.001,1
12183399_0_6725061928072492226.tar.gz.csv,0,4,0.04100000000000003,1
12183399_0_6725061928072492226.tar.gz.csv,0,5,0.07800000000000006,1
77632062_0_2292892375652659825.tar.gz.csv,1,1,0.001,1
77632062_0_2292892375652659825.tar.gz.csv,1,2,0.001,1
77632062_0_2292892375652659825.tar.gz.csv,1,3,0.006,1
77632062_0_2292892375652659825.tar.gz.csv,1,4,0.12700000000000009,1
77632062_0_2292892375652659825.tar.gz.csv,1,5,0.22200000000000017,1
41648740_0_6959523681065295632.tar.gz.csv,0,1,0.001,3
41648740_0_6959523681065295632.tar.gz.csv,0,2,0.001,3
41648740_0_6959523681065295632.tar.gz.csv,0,3,0.003,3
41648740_0_6959523681065295632.tar.gz.csv,0,4,0.10500000000000008,3
41648740_0_6959523681065295632.tar.gz.csv,0,5,0.18900000000000014,3
54773498_0_4341462266113591159.tar.gz.csv,0,1,0.001,1
54773498_0_4341462266113591159.tar.gz.csv,0,2,0.001,1
54773498_0_4341462266113591159.tar.gz.csv,0,3,0.014000000000000005,1
54773498_0_4341462266113591159.tar.gz.csv,0,4,0.1440000000000001,1
54773498_0_4341462266113591159.tar.gz.csv,0,5,0.2430000000000002,1
19654359_0_3020273135042459469.tar.gz.csv,1,1,0.001,1
19654359_0_3020273135042459469.tar.gz.csv,1,2,0.001,1
19654359_0_3020273135042459469.tar.gz.csv,1,3,0.002,1
19654359_0_3020273135042459469.tar.gz.csv,1,4,0.024000000000000014,1
19654359_0_3020273135042459469.tar.gz.csv,1,5,0.04500000000000003,1
70515524_0_5425995199745290007.tar.gz.csv,0,1,0.001,4
70515524_0_5425995199745290007.tar.gz.csv,0,2,0.001,4
70515524_0_5425995199745290007.tar.gz.csv,0,3,0.005,1
70515524_0_5425995199745290007.tar.gz.csv,0,4,0.22700000000000017,1
70515524_0_5425995199745290007.tar.gz.csv,0,5,0.36800000000000027,1
79966524_0_1484492112455633784.tar.gz.csv,0,1,0.002,1
79966524_0_1484492112455633784.tar.gz.csv,0,2,0.004,1
79966524_0_1484492112455633784.tar.gz.csv,0,3,0.11200000000000009,1
79966524_0_1484492112455633784.tar.gz.csv,0,4,0.4180000000000003,1
79966524_0_1484492112455633784.tar.gz.csv,0,5,0.5670000000000004,2
77694908_0_6083291340991074532.tar.gz.csv,1,1,0.001,1
77694908_0_6083291340991074532.tar.gz.csv,1,2,0.001,1
77694908_0_6083291340991074532.tar.gz.csv,1,3,0.022000000000000013,1
77694908_0_6083291340991074532.tar.gz.csv,1,4,0.22300000000000017,1
77694908_0_6083291340991074532.tar.gz.csv,1,5,0.35500000000000026,1
8286121_0_8471791395229161598.tar.gz.csv,0,1,0.001,1
8286121_0_8471791395229161598.tar.gz.csv,0,2,0.001,1
8286121_0_8471791395229161598.tar.gz.csv,0,3,0.001,1
8286121_0_8471791395229161598.tar.gz.csv,0,4,0.03300000000000002,1
8286121_0_8471791395229161598.tar.gz.csv,0,5,0.06200000000000005,1
40844462_1_6230938203735169234.tar.gz.csv,1,1,0.001,1
40844462_1_6230938203735169234.tar.gz.csv,1,2,0.001,1
40844462_1_6230938203735169234.tar.gz.csv,1,3,0.026000000000000016,1
40844462_1_6230938203735169234.tar.gz.csv,1,4,0.25000000000000017,1
40844462_1_6230938203735169234.tar.gz.csv,1,5,0.3910000000000003,1
40534006_0_4617468856744635526.tar.gz.csv,1,1,0.001,1
40534006_0_4617468856744635526.tar.gz.csv,1,2,0.001,1
40534006_0_4617468856744635526.tar.gz.csv,1,3,0.001,1
40534006_0_4617468856744635526.tar.gz.csv,1,4,0.014000000000000005,1
40534006_0_4617468856744635526.tar.gz.csv,1,5,0.026000000000000016,1
34041816_1_4749054164534706977.tar.gz.csv,1,1,0.001,1
34041816_1_4749054164534706977.tar.gz.csv,1,2,0.001,1
34041816_1_4749054164534706977.tar.gz.csv,1,3,0.001,1
34041816_1_4749054164534706977.tar.gz.csv,1,4,0.01800000000000001,1
34041816_1_4749054164534706977.tar.gz.csv,1,5,0.03400000000000002,1
35188621_0_6058553107571275232.tar.gz.csv,1,1,0.001,1
35188621_0_6058553107571275232.tar.gz.csv,1,2,0.001,1
35188621_0_6058553107571275232.tar.gz.csv,1,3,0.027000000000000017,1
35188621_0_6058553107571275232.tar.gz.csv,1,4,0.2470000000000002,1
35188621_0_6058553107571275232.tar.gz.csv,1,5,0.3870000000000003,1
28423212_0_2742990779532526553.tar.gz.csv,0,1,0.001,1
28423212_0_2742990779532526553.tar.gz.csv,0,2,0.001,1
28423212_0_2742990779532526553.tar.gz.csv,0,3,0.011000000000000003,1
28423212_0_2742990779532526553.tar.gz.csv,0,4,0.10800000000000008,1
28423212_0_2742990779532526553.tar.gz.csv,0,5,0.18800000000000014,1
76275868_0_4528346580716713695.tar.gz.csv,0,1,0.001,2
76275868_0_4528346580716713695.tar.gz.csv,0,2,0.001,1
76275868_0_4528346580716713695.tar.gz.csv,0,3,0.004,1
76275868_0_4528346580716713695.tar.gz.csv,0,4,0.1370000000000001,1
76275868_0_4528346580716713695.tar.gz.csv,0,5,0.23900000000000018,1
73988811_0_2775758476756716904.tar.gz.csv,0,1,0.001,1
73988811_0_2775758476756716904.tar.gz.csv,0,2,0.001,1
73988811_0_2775758476756716904.tar.gz.csv,0,3,0.02000000000000001,1
73988811_0_2775758476756716904.tar.gz.csv,0,4,0.20800000000000016,1
73988811_0_2775758476756716904.tar.gz.csv,0,5,0.33500000000000024,1
74718406_0_3914457597478137388.tar.gz.csv,1,1,0.001,1
74718406_0_3914457597478137388.tar.gz.csv,1,2,0.001,1
74718406_0_3914457597478137388.tar.gz.csv,1,3,0.002,1
74718406_0_3914457597478137388.tar.gz.csv,1,4,0.024000000000000014,1
74718406_0_3914457597478137388.tar.gz.csv,1,5,0.04500000000000003,1
38390205_1_8150763005563658139.tar.gz.csv,2,1,0.001,1
38390205_1_8150763005563658139.tar.gz.csv,2,2,0.001,1
38390205_1_8150763005563658139.tar.gz.csv,2,3,0.001,1
38390205_1_8150763005563658139.tar.gz.csv,2,4,0.001,1
38390205_1_8150763005563658139.tar.gz.csv,2,5,0.001,1
64734047_0_5880705307495695536.tar.gz.csv,0,1,0.001,1
64734047_0_5880705307495695536.tar.gz.csv,0,2,0.001,1
64734047_0_5880705307495695536.tar.gz.csv,0,3,0.001,1
64734047_0_5880705307495695536.tar.gz.csv,0,4,0.001,1
64734047_0_5880705307495695536.tar.gz.csv,0,5,0.001,1
38732532_0_1420803645394505878.tar.gz.csv,0,1,0.001,4
38732532_0_1420803645394505878.tar.gz.csv,0,2,0.001,4
38732532_0_1420803645394505878.tar.gz.csv,0,3,0.002,1
38732532_0_1420803645394505878.tar.gz.csv,0,4,0.08600000000000006,1
38732532_0_1420803645394505878.tar.gz.csv,0,5,0.1570000000000001,1
76373906_0_6904594838446307331.tar.gz.csv,0,1,0.001,1
76373906_0_6904594838446307331.tar.gz.csv,0,2,0.001,1
76373906_0_6904594838446307331.tar.gz.csv,0,3,0.001,1
76373906_0_6904594838446307331.tar.gz.csv,0,4,0.003,1
76373906_0_6904594838446307331.tar.gz.csv,0,5,0.006,1
4501311_8_8306082458935575308.tar.gz.csv,1,1,0.001,1
4501311_8_8306082458935575308.tar.gz.csv,1,2,0.001,1
4501311_8_8306082458935575308.tar.gz.csv,1,3,0.001,1
4501311_8_8306082458935575308.tar.gz.csv,1,4,0.001,1
4501311_8_8306082458935575308.tar.gz.csv,1,5,0.001,1
47709681_0_4437772923903322343.tar.gz.csv,0,1,0.001,1
47709681_0_4437772923903322343.tar.gz.csv,0,2,0.001,1
47709681_0_4437772923903322343.tar.gz.csv,0,3,0.002,1
47709681_0_4437772923903322343.tar.gz.csv,0,4,0.03300000000000002,1
47709681_0_4437772923903322343.tar.gz.csv,0,5,0.06300000000000004,1
12193237_0_8699643798888088574.tar.gz.csv,0,1,0.001,1
12193237_0_8699643798888088574.tar.gz.csv,0,2,0.001,1
12193237_0_8699643798888088574.tar.gz.csv,0,3,0.001,1
12193237_0_8699643798888088574.tar.gz.csv,0,4,0.035000000000000024,1
12193237_0_8699643798888088574.tar.gz.csv,0,5,0.06600000000000004,1
9686394_0_5980699488362107028.tar.gz.csv,1,1,0.001,1
9686394_0_5980699488362107028.tar.gz.csv,1,2,0.001,1
9686394_0_5980699488362107028.tar.gz.csv,1,3,0.002,1
9686394_0_5980699488362107028.tar.gz.csv,1,4,0.024000000000000014,1
9686394_0_5980699488362107028.tar.gz.csv,1,5,0.04500000000000003,1
24142265_0_4577466141408796359.tar.gz.csv,5,1,0.001,1
24142265_0_4577466141408796359.tar.gz.csv,5,2,0.001,1
24142265_0_4577466141408796359.tar.gz.csv,5,3,0.002,1
24142265_0_4577466141408796359.tar.gz.csv,5,4,0.02900000000000002,1
24142265_0_4577466141408796359.tar.gz.csv,5,5,0.05500000000000004,1
53989675_0_8697482470743954630.tar.gz.csv,0,1,0.001,1
53989675_0_8697482470743954630.tar.gz.csv,0,2,0.001,1
53989675_0_8697482470743954630.tar.gz.csv,0,3,0.003,1
53989675_0_8697482470743954630.tar.gz.csv,0,4,0.05100000000000004,1
53989675_0_8697482470743954630.tar.gz.csv,0,5,0.09600000000000007,1
19361188_0_1640726405141876003.tar.gz.csv,0,1,0.001,1
19361188_0_1640726405141876003.tar.gz.csv,0,2,0.001,1
19361188_0_1640726405141876003.tar.gz.csv,0,3,0.002,1
19361188_0_1640726405141876003.tar.gz.csv,0,4,0.047000000000000035,1
19361188_0_1640726405141876003.tar.gz.csv,0,5,0.08800000000000006,1
43226272_0_5995103035300388365.tar.gz.csv,1,1,0.001,1
43226272_0_5995103035300388365.tar.gz.csv,1,2,0.001,1
43226272_0_5995103035300388365.tar.gz.csv,1,3,0.001,1
43226272_0_5995103035300388365.tar.gz.csv,1,4,0.001,1
43226272_0_5995103035300388365.tar.gz.csv,1,5,0.001,1
3887681_0_7938589465814037992.tar.gz.csv,0,1,0.001,3
3887681_0_7938589465814037992.tar.gz.csv,0,2,0.001,1
3887681_0_7938589465814037992.tar.gz.csv,0,3,0.005,1
3887681_0_7938589465814037992.tar.gz.csv,0,4,0.1330000000000001,1
3887681_0_7938589465814037992.tar.gz.csv,0,5,0.23300000000000018,1
78005071_0_8643954006825971723.tar.gz.csv,0,1,0.001,1
78005071_0_8643954006825971723.tar.gz.csv,0,2,0.001,1
78005071_0_8643954006825971723.tar.gz.csv,0,3,0.001,1
78005071_0_8643954006825971723.tar.gz.csv,0,4,0.01900000000000001,1
78005071_0_8643954006825971723.tar.gz.csv,0,5,0.037000000000000026,1
13719111_1_5719401842463579519.tar.gz.csv,0,1,0.001,1
13719111_1_5719401842463579519.tar.gz.csv,0,2,0.001,1
13719111_1_5719401842463579519.tar.gz.csv,0,3,0.001,1
13719111_1_5719401842463579519.tar.gz.csv,0,4,0.005,1
13719111_1_5719401842463579519.tar.gz.csv,0,5,0.010000000000000002,1
84548468_0_5955155464119382182.tar.gz.csv,1,1,0.001,1
84548468_0_5955155464119382182.tar.gz.csv,1,2,0.001,1
84548468_0_5955155464119382182.tar.gz.csv,1,3,0.02100000000000001,1
84548468_0_5955155464119382182.tar.gz.csv,1,4,0.20800000000000016,1
84548468_0_5955155464119382182.tar.gz.csv,1,5,0.33600000000000024,1
33401079_0_9127583903019856402.tar.gz.csv,0,1,0.02900000000000002,1
33401079_0_9127583903019856402.tar.gz.csv,0,2,0.05500000000000004,1
33401079_0_9127583903019856402.tar.gz.csv,0,3,0.23000000000000018,1
33401079_0_9127583903019856402.tar.gz.csv,0,4,0.3840000000000003,1
33401079_0_9127583903019856402.tar.gz.csv,0,5,0.4870000000000004,1
41819807_0_3139249984404131679.tar.gz.csv,0,1,0.001,3
41819807_0_3139249984404131679.tar.gz.csv,0,2,0.001,2
41819807_0_3139249984404131679.tar.gz.csv,0,3,0.002,1
41819807_0_3139249984404131679.tar.gz.csv,0,4,0.04200000000000003,1
41819807_0_3139249984404131679.tar.gz.csv,0,5,0.08000000000000006,1
63450419_0_8012592961815711786.tar.gz.csv,1,1,0.001,1
63450419_0_8012592961815711786.tar.gz.csv,1,2,0.001,1
63450419_0_8012592961815711786.tar.gz.csv,1,3,0.004,1
63450419_0_8012592961815711786.tar.gz.csv,1,4,0.04900000000000004,1
63450419_0_8012592961815711786.tar.gz.csv,1,5,0.09000000000000007,1
32051842_5_1757891723986774036.tar.gz.csv,1,1,0.001,2
32051842_5_1757891723986774036.tar.gz.csv,1,2,0.001,2
32051842_5_1757891723986774036.tar.gz.csv,1,3,0.001,1
32051842_5_1757891723986774036.tar.gz.csv,1,4,0.001,1
32051842_5_1757891723986774036.tar.gz.csv,1,5,0.001,1
88732174_0_7321365014357502211.tar.gz.csv,1,1,0.001,1
88732174_0_7321365014357502211.tar.gz.csv,1,2,0.001,1
88732174_0_7321365014357502211.tar.gz.csv,1,3,0.002,1
88732174_0_7321365014357502211.tar.gz.csv,1,4,0.03200000000000002,1
88732174_0_7321365014357502211.tar.gz.csv,1,5,0.060000000000000046,1
98312357_0_6395417306876145729.tar.gz.csv,0,1,0.001,2
98312357_0_6395417306876145729.tar.gz.csv,0,2,0.001,2
98312357_0_6395417306876145729.tar.gz.csv,0,3,0.002,1
98312357_0_6395417306876145729.tar.gz.csv,0,4,0.10100000000000008,1
98312357_0_6395417306876145729.tar.gz.csv,0,5,0.18200000000000013,1
75154185_0_1607627349983289012.tar.gz.csv,1,1,0.001,1
75154185_0_1607627349983289012.tar.gz.csv,1,2,0.001,1
75154185_0_1607627349983289012.tar.gz.csv,1,3,0.007,1
75154185_0_1607627349983289012.tar.gz.csv,1,4,0.1360000000000001,1
75154185_0_1607627349983289012.tar.gz.csv,1,5,0.23600000000000018,1
74685423_0_8061289760697103949.tar.gz.csv,0,1,0.001,1
74685423_0_8061289760697103949.tar.gz.csv,0,2,0.001,1
74685423_0_8061289760697103949.tar.gz.csv,0,3,0.001,1
74685423_0_8061289760697103949.tar.gz.csv,0,4,0.023000000000000013,1
74685423_0_8061289760697103949.tar.gz.csv,0,5,0.04500000000000003,1
4444204_0_951426790527152756.tar.gz.csv,1,1,0.001,1
4444204_0_951426790527152756.tar.gz.csv,1,2,0.001,1
4444204_0_951426790527152756.tar.gz.csv,1,3,0.008,1
4444204_0_951426790527152756.tar.gz.csv,1,4,0.1470000000000001,1
4444204_0_951426790527152756.tar.gz.csv,1,5,0.25200000000000017,1
39107734_2_2329160387535788734.tar.gz.csv,1,1,0.001,2
39107734_2_2329160387535788734.tar.gz.csv,1,2,0.001,1
39107734_2_2329160387535788734.tar.gz.csv,1,3,0.001,1
39107734_2_2329160387535788734.tar.gz.csv,1,4,0.02000000000000001,1
39107734_2_2329160387535788734.tar.gz.csv,1,5,0.037000000000000026,1
21329809_0_5526008408364682899.tar.gz.csv,1,1,0.001,1
21329809_0_5526008408364682899.tar.gz.csv,1,2,0.001,1
21329809_0_5526008408364682899.tar.gz.csv,1,3,0.010000000000000002,1
21329809_0_5526008408364682899.tar.gz.csv,1,4,0.17900000000000013,1
21329809_0_5526008408364682899.tar.gz.csv,1,5,0.2990000000000002,1
8009320_0_5507755752653817624.tar.gz.csv,0,1,0.001,3
8009320_0_5507755752653817624.tar.gz.csv,0,2,0.001,3
8009320_0_5507755752653817624.tar.gz.csv,0,3,0.007,1
8009320_0_5507755752653817624.tar.gz.csv,0,4,0.16900000000000012,1
8009320_0_5507755752653817624.tar.gz.csv,0,5,0.2860000000000002,1
90723763_0_874013697986950454.tar.gz.csv,1,1,0.001,1
90723763_0_874013697986950454.tar.gz.csv,1,2,0.001,1
90723763_0_874013697986950454.tar.gz.csv,1,3,0.013000000000000005,1
90723763_0_874013697986950454.tar.gz.csv,1,4,0.1230000000000001,1
90723763_0_874013697986950454.tar.gz.csv,1,5,0.21000000000000016,1
86297395_0_6919201319699354263.tar.gz.csv,0,1,0.001,1
86297395_0_6919201319699354263.tar.gz.csv,0,2,0.001,1
86297395_0_6919201319699354263.tar.gz.csv,0,3,0.004,1
86297395_0_6919201319699354263.tar.gz.csv,0,4,0.1310000000000001,1
86297395_0_6919201319699354263.tar.gz.csv,0,5,0.23000000000000018,1
29021592_4_4348860179678308511.tar.gz.csv,0,1,0.001,2
29021592_4_4348860179678308511.tar.gz.csv,0,2,0.001,2
29021592_4_4348860179678308511.tar.gz.csv,0,3,0.001,1
29021592_4_4348860179678308511.tar.gz.csv,0,4,0.001,1
29021592_4_4348860179678308511.tar.gz.csv,0,5,0.001,1
11688006_0_8123036130090004213.tar.gz.csv,1,1,0.001,3
11688006_0_8123036130090004213.tar.gz.csv,1,2,0.001,3
11688006_0_8123036130090004213.tar.gz.csv,1,3,0.004,1
11688006_0_8123036130090004213.tar.gz.csv,1,4,0.1390000000000001,1
11688006_0_8123036130090004213.tar.gz.csv,1,5,0.2410000000000002,1
25404227_0_2240631045609013057.tar.gz.csv,1,1,0.001,1
25404227_0_2240631045609013057.tar.gz.csv,1,2,0.001,1
25404227_0_2240631045609013057.tar.gz.csv,1,3,0.022000000000000013,1
25404227_0_2240631045609013057.tar.gz.csv,1,4,0.21300000000000016,1
25404227_0_2240631045609013057.tar.gz.csv,1,5,0.34200000000000025,1
37541068_1_1156932518917623732.tar.gz.csv,1,1,0.001,1
37541068_1_1156932518917623732.tar.gz.csv,1,2,0.001,1
37541068_1_1156932518917623732.tar.gz.csv,1,3,0.002,1
37541068_1_1156932518917623732.tar.gz.csv,1,4,0.03400000000000002,1
37541068_1_1156932518917623732.tar.gz.csv,1,5,0.06400000000000004,1
79327346_0_5787863739697336601.tar.gz.csv,1,1,0.001,1
79327346_0_5787863739697336601.tar.gz.csv,1,2,0.001,1
79327346_0_5787863739697336601.tar.gz.csv,1,3,0.002,1
79327346_0_5787863739697336601.tar.gz.csv,1,4,0.05200000000000004,1
79327346_0_5787863739697336601.tar.gz.csv,1,5,0.09700000000000007,1
39759273_0_1427898308030295194.tar.gz.csv,1,1,0.001,1
39759273_0_1427898308030295194.tar.gz.csv,1,2,0.001,1
39759273_0_1427898308030295194.tar.gz.csv,1,3,0.01900000000000001,1
39759273_0_1427898308030295194.tar.gz.csv,1,4,0.19000000000000014,1
39759273_0_1427898308030295194.tar.gz.csv,1,5,0.3110000000000002,1
14380604_4_3329235705746762392.tar.gz.csv,1,1,0.001,1
14380604_4_3329235705746762392.tar.gz.csv,1,2,0.001,1
14380604_4_3329235705746762392.tar.gz.csv,1,3,0.013000000000000005,1
14380604_4_3329235705746762392.tar.gz.csv,1,4,0.1220000000000001,1
14380604_4_3329235705746762392.tar.gz.csv,1,5,0.21000000000000016,1
26310680_0_5150772059999313798.tar.gz.csv,0,1,0.001,23
26310680_0_5150772059999313798.tar.gz.csv,0,2,0.001,22
26310680_0_5150772059999313798.tar.gz.csv,0,3,0.007,7
26310680_0_5150772059999313798.tar.gz.csv,0,4,0.44500000000000034,13
26310680_0_5150772059999313798.tar.gz.csv,0,5,0.6150000000000004,14
71840765_0_6664391841933033844.tar.gz.csv,0,1,0.001,2
71840765_0_6664391841933033844.tar.gz.csv,0,2,0.001,2
71840765_0_6664391841933033844.tar.gz.csv,0,3,0.001,1
71840765_0_6664391841933033844.tar.gz.csv,0,4,0.015000000000000006,1
71840765_0_6664391841933033844.tar.gz.csv,0,5,0.02900000000000002,1
12271141_0_8517913935669973086.tar.gz.csv,0,1,0.001,1
12271141_0_8517913935669973086.tar.gz.csv,0,2,0.001,1
12271141_0_8517913935669973086.tar.gz.csv,0,3,0.009000000000000001,1
12271141_0_8517913935669973086.tar.gz.csv,0,4,0.09200000000000007,1
12271141_0_8517913935669973086.tar.gz.csv,0,5,0.16200000000000012,1
29414811_2_4773219892816395776.tar.gz.csv,1,1,0.001,1
29414811_2_4773219892816395776.tar.gz.csv,1,2,0.001,1
29414811_2_4773219892816395776.tar.gz.csv,1,3,0.002,1
29414811_2_4773219892816395776.tar.gz.csv,1,4,0.026000000000000016,1
29414811_2_4773219892816395776.tar.gz.csv,1,5,0.04900000000000004,1
45073662_0_3179937335063201739.tar.gz.csv,1,1,0.001,1
45073662_0_3179937335063201739.tar.gz.csv,1,2,0.001,1
45073662_0_3179937335063201739.tar.gz.csv,1,3,0.002,1
45073662_0_3179937335063201739.tar.gz.csv,1,4,0.04100000000000003,1
45073662_0_3179937335063201739.tar.gz.csv,1,5,0.07700000000000005,1
29412826_0_3422707769191426540.tar.gz.csv,0,1,0.001,2
29412826_0_3422707769191426540.tar.gz.csv,0,2,0.001,1
29412826_0_3422707769191426540.tar.gz.csv,0,3,0.001,1
29412826_0_3422707769191426540.tar.gz.csv,0,4,0.001,1
29412826_0_3422707769191426540.tar.gz.csv,0,5,0.001,1
19272019_0_1508498249156534553.tar.gz.csv,0,1,0.001,2
19272019_0_1508498249156534553.tar.gz.csv,0,2,0.001,2
19272019_0_1508498249156534553.tar.gz.csv,0,3,0.003,1
19272019_0_1508498249156534553.tar.gz.csv,0,4,0.04900000000000004,1
19272019_0_1508498249156534553.tar.gz.csv,0,5,0.09200000000000007,1
37815699_0_8391788584341609964.tar.gz.csv,1,1,0.025000000000000015,1
37815699_0_8391788584341609964.tar.gz.csv,1,2,0.048000000000000036,1
37815699_0_8391788584341609964.tar.gz.csv,1,3,0.20700000000000016,1
37815699_0_8391788584341609964.tar.gz.csv,1,4,0.36600000000000027,1
37815699_0_8391788584341609964.tar.gz.csv,1,5,0.47200000000000036,1
41480166_0_6681239260286218499.tar.gz.csv,0,1,0.001,2
41480166_0_6681239260286218499.tar.gz.csv,0,2,0.001,2
41480166_0_6681239260286218499.tar.gz.csv,0,3,0.001,2
41480166_0_6681239260286218499.tar.gz.csv,0,4,0.037000000000000026,2
41480166_0_6681239260286218499.tar.gz.csv,0,5,0.07100000000000005,2
6869358_0_1379459120563510331.tar.gz.csv,1,1,None,999
6869358_0_1379459120563510331.tar.gz.csv,1,2,None,999
6869358_0_1379459120563510331.tar.gz.csv,1,3,None,999
6869358_0_1379459120563510331.tar.gz.csv,1,4,None,999
6869358_0_1379459120563510331.tar.gz.csv,1,5,None,999
55238374_0_3379409961751009152.tar.gz.csv,0,1,0.001,1
55238374_0_3379409961751009152.tar.gz.csv,0,2,0.001,1
55238374_0_3379409961751009152.tar.gz.csv,0,3,0.002,1
55238374_0_3379409961751009152.tar.gz.csv,0,4,0.04400000000000003,1
55238374_0_3379409961751009152.tar.gz.csv,0,5,0.08300000000000006,1
61121469_0_6337620713408906340.tar.gz.csv,0,1,0.001,1
61121469_0_6337620713408906340.tar.gz.csv,0,2,0.001,1
61121469_0_6337620713408906340.tar.gz.csv,0,3,0.002,1
61121469_0_6337620713408906340.tar.gz.csv,0,4,0.03900000000000003,1
61121469_0_6337620713408906340.tar.gz.csv,0,5,0.07300000000000005,1
41194422_0_7231546114369966811.tar.gz.csv,1,1,0.001,3
41194422_0_7231546114369966811.tar.gz.csv,1,2,0.001,2
41194422_0_7231546114369966811.tar.gz.csv,1,3,0.004,1
41194422_0_7231546114369966811.tar.gz.csv,1,4,0.1390000000000001,1
41194422_0_7231546114369966811.tar.gz.csv,1,5,0.2410000000000002,1
10630177_0_4831842476649004753.tar.gz.csv,2,1,0.001,1
10630177_0_4831842476649004753.tar.gz.csv,2,2,0.001,1
10630177_0_4831842476649004753.tar.gz.csv,2,3,0.013000000000000005,1
10630177_0_4831842476649004753.tar.gz.csv,2,4,0.12700000000000009,1
10630177_0_4831842476649004753.tar.gz.csv,2,5,0.21700000000000016,1
67865873_0_8259587610208037357.tar.gz.csv,1,1,0.001,2
67865873_0_8259587610208037357.tar.gz.csv,1,2,0.001,2
67865873_0_8259587610208037357.tar.gz.csv,1,3,0.004,1
67865873_0_8259587610208037357.tar.gz.csv,1,4,0.1300000000000001,1
67865873_0_8259587610208037357.tar.gz.csv,1,5,0.22800000000000017,1
51741865_0_9203644246202164492.tar.gz.csv,1,1,0.001,1
51741865_0_9203644246202164492.tar.gz.csv,1,2,0.001,1
51741865_0_9203644246202164492.tar.gz.csv,1,3,0.001,1
51741865_0_9203644246202164492.tar.gz.csv,1,4,0.001,1
51741865_0_9203644246202164492.tar.gz.csv,1,5,0.001,1
20135078_0_7570343137119682530.tar.gz.csv,1,1,0.001,1
20135078_0_7570343137119682530.tar.gz.csv,1,2,0.001,1
20135078_0_7570343137119682530.tar.gz.csv,1,3,0.026000000000000016,1
20135078_0_7570343137119682530.tar.gz.csv,1,4,0.23600000000000018,1
20135078_0_7570343137119682530.tar.gz.csv,1,5,0.3720000000000003,1
50245608_0_871275842592178099.tar.gz.csv,0,1,0.001,1
50245608_0_871275842592178099.tar.gz.csv,0,2,0.001,1
50245608_0_871275842592178099.tar.gz.csv,0,3,0.023000000000000013,1
50245608_0_871275842592178099.tar.gz.csv,0,4,0.21300000000000016,1
50245608_0_871275842592178099.tar.gz.csv,0,5,0.34200000000000025,1
21337553_0_8832378999628437599.tar.gz.csv,1,1,0.001,2
21337553_0_8832378999628437599.tar.gz.csv,1,2,0.001,1
21337553_0_8832378999628437599.tar.gz.csv,1,3,0.003,1
21337553_0_8832378999628437599.tar.gz.csv,1,4,0.057000000000000044,1
21337553_0_8832378999628437599.tar.gz.csv,1,5,0.10500000000000008,1
1614988_0_8789868670151796042.tar.gz.csv,0,1,0.001,1
1614988_0_8789868670151796042.tar.gz.csv,0,2,0.001,1
1614988_0_8789868670151796042.tar.gz.csv,0,3,0.003,1
1614988_0_8789868670151796042.tar.gz.csv,0,4,0.04900000000000004,1
1614988_0_8789868670151796042.tar.gz.csv,0,5,0.09100000000000007,1
43469354_0_6029017163991310319.tar.gz.csv,1,1,0.001,1
43469354_0_6029017163991310319.tar.gz.csv,1,2,0.001,1
43469354_0_6029017163991310319.tar.gz.csv,1,3,0.005,1
43469354_0_6029017163991310319.tar.gz.csv,1,4,0.10700000000000008,1
43469354_0_6029017163991310319.tar.gz.csv,1,5,0.19000000000000014,1
11833461_1_3811022039809817402.tar.gz.csv,0,1,0.001,1
11833461_1_3811022039809817402.tar.gz.csv,0,2,0.001,1
11833461_1_3811022039809817402.tar.gz.csv,0,3,0.001,1
11833461_1_3811022039809817402.tar.gz.csv,0,4,0.02100000000000001,1
11833461_1_3811022039809817402.tar.gz.csv,0,5,0.04000000000000003,1
38428277_0_1311643810102462607.tar.gz.csv,1,1,0.001,1
38428277_0_1311643810102462607.tar.gz.csv,1,2,0.001,1
38428277_0_1311643810102462607.tar.gz.csv,1,3,0.025000000000000015,1
38428277_0_1311643810102462607.tar.gz.csv,1,4,0.24000000000000019,1
38428277_0_1311643810102462607.tar.gz.csv,1,5,0.3780000000000003,1
54719588_0_8417197176086756912.tar.gz.csv,3,1,0.001,1
54719588_0_8417197176086756912.tar.gz.csv,3,2,0.001,1
54719588_0_8417197176086756912.tar.gz.csv,3,3,0.03000000000000002,1
54719588_0_8417197176086756912.tar.gz.csv,3,4,0.2850000000000002,1
54719588_0_8417197176086756912.tar.gz.csv,3,5,0.43400000000000033,1
52208141_2_5171684379987586712.tar.gz.csv,1,1,0.001,2
52208141_2_5171684379987586712.tar.gz.csv,1,2,0.001,2
52208141_2_5171684379987586712.tar.gz.csv,1,3,0.001,1
52208141_2_5171684379987586712.tar.gz.csv,1,4,0.001,1
52208141_2_5171684379987586712.tar.gz.csv,1,5,0.001,1
14311244_0_7604843865524657408.tar.gz.csv,0,1,0.001,1
14311244_0_7604843865524657408.tar.gz.csv,0,2,0.001,1
14311244_0_7604843865524657408.tar.gz.csv,0,3,0.002,1
14311244_0_7604843865524657408.tar.gz.csv,0,4,0.03900000000000003,1
14311244_0_7604843865524657408.tar.gz.csv,0,5,0.07300000000000005,1
9567241_0_5666388268510912770.tar.gz.csv,1,1,0.001,2
9567241_0_5666388268510912770.tar.gz.csv,1,2,0.001,2
9567241_0_5666388268510912770.tar.gz.csv,1,3,0.001,1
9567241_0_5666388268510912770.tar.gz.csv,1,4,0.02100000000000001,1
9567241_0_5666388268510912770.tar.gz.csv,1,5,0.03900000000000003,1
28646774_0_3256889721737611537.tar.gz.csv,0,1,0.001,1
28646774_0_3256889721737611537.tar.gz.csv,0,2,0.001,1
28646774_0_3256889721737611537.tar.gz.csv,0,3,0.001,1
28646774_0_3256889721737611537.tar.gz.csv,0,4,0.02100000000000001,1
28646774_0_3256889721737611537.tar.gz.csv,0,5,0.03900000000000003,1
16767252_0_2409448375013995751.tar.gz.csv,1,1,0.001,1
16767252_0_2409448375013995751.tar.gz.csv,1,2,0.001,1
16767252_0_2409448375013995751.tar.gz.csv,1,3,0.02000000000000001,1
16767252_0_2409448375013995751.tar.gz.csv,1,4,0.19800000000000015,1
16767252_0_2409448375013995751.tar.gz.csv,1,5,0.32100000000000023,1
24417511_0_3058323105166963431.tar.gz.csv,1,1,0.001,1
24417511_0_3058323105166963431.tar.gz.csv,1,2,0.001,1
24417511_0_3058323105166963431.tar.gz.csv,1,3,0.002,1
24417511_0_3058323105166963431.tar.gz.csv,1,4,0.035000000000000024,1
24417511_0_3058323105166963431.tar.gz.csv,1,5,0.06600000000000004,1
86627271_6_2239821927452848323.tar.gz.csv,0,1,0.001,1
86627271_6_2239821927452848323.tar.gz.csv,0,2,0.001,1
86627271_6_2239821927452848323.tar.gz.csv,0,3,0.001,1
86627271_6_2239821927452848323.tar.gz.csv,0,4,0.001,1
86627271_6_2239821927452848323.tar.gz.csv,0,5,0.001,1
53583534_0_503521622577229691.tar.gz.csv,1,1,0.001,1
53583534_0_503521622577229691.tar.gz.csv,1,2,0.001,1
53583534_0_503521622577229691.tar.gz.csv,1,3,0.012000000000000004,1
53583534_0_503521622577229691.tar.gz.csv,1,4,0.11700000000000009,1
53583534_0_503521622577229691.tar.gz.csv,1,5,0.20200000000000015,1
57943722_0_8666078014685775876.tar.gz.csv,0,1,0.001,1
57943722_0_8666078014685775876.tar.gz.csv,0,2,0.001,1
57943722_0_8666078014685775876.tar.gz.csv,0,3,0.002,1
57943722_0_8666078014685775876.tar.gz.csv,0,4,0.05000000000000004,1
57943722_0_8666078014685775876.tar.gz.csv,0,5,0.09500000000000007,1
70404164_0_5498195978476333642.tar.gz.csv,1,1,0.001,1
70404164_0_5498195978476333642.tar.gz.csv,1,2,0.001,1
70404164_0_5498195978476333642.tar.gz.csv,1,3,0.009000000000000001,1
70404164_0_5498195978476333642.tar.gz.csv,1,4,0.17000000000000012,1
70404164_0_5498195978476333642.tar.gz.csv,1,5,0.2860000000000002,1
3962429_0_3452614694863053249.tar.gz.csv,1,1,0.001,2
3962429_0_3452614694863053249.tar.gz.csv,1,2,0.001,2
3962429_0_3452614694863053249.tar.gz.csv,1,3,0.001,1
3962429_0_3452614694863053249.tar.gz.csv,1,4,0.001,1
3962429_0_3452614694863053249.tar.gz.csv,1,5,0.001,1
29414811_12_251152470253168163.tar.gz.csv,1,1,0.001,1
29414811_12_251152470253168163.tar.gz.csv,1,2,0.001,1
29414811_12_251152470253168163.tar.gz.csv,1,3,0.001,1
29414811_12_251152470253168163.tar.gz.csv,1,4,0.009000000000000001,1
29414811_12_251152470253168163.tar.gz.csv,1,5,0.017000000000000008,1
96203994_0_2127964719640427252.tar.gz.csv,0,1,0.001,1
96203994_0_2127964719640427252.tar.gz.csv,0,2,0.001,1
96203994_0_2127964719640427252.tar.gz.csv,0,3,0.009000000000000001,1
96203994_0_2127964719640427252.tar.gz.csv,0,4,0.09200000000000007,1
96203994_0_2127964719640427252.tar.gz.csv,0,5,0.16200000000000012,1
64499281_8_7181683886563136802.tar.gz.csv,1,1,0.001,2
64499281_8_7181683886563136802.tar.gz.csv,1,2,0.001,2
64499281_8_7181683886563136802.tar.gz.csv,1,3,0.001,1
64499281_8_7181683886563136802.tar.gz.csv,1,4,0.001,1
64499281_8_7181683886563136802.tar.gz.csv,1,5,0.001,1
57938705_0_8737506792349461963.tar.gz.csv,1,1,0.001,1
57938705_0_8737506792349461963.tar.gz.csv,1,2,0.001,1
57938705_0_8737506792349461963.tar.gz.csv,1,3,0.001,1
57938705_0_8737506792349461963.tar.gz.csv,1,4,0.009000000000000001,1
57938705_0_8737506792349461963.tar.gz.csv,1,5,0.017000000000000008,1
21333456_2_1886495893795687264.tar.gz.csv,0,1,0.001,1
21333456_2_1886495893795687264.tar.gz.csv,0,2,0.001,1
21333456_2_1886495893795687264.tar.gz.csv,0,3,0.003,1
21333456_2_1886495893795687264.tar.gz.csv,0,4,0.05600000000000004,1
21333456_2_1886495893795687264.tar.gz.csv,0,5,0.10300000000000008,1
68442591_0_8506821153001360777.tar.gz.csv,0,1,0.001,1
68442591_0_8506821153001360777.tar.gz.csv,0,2,0.001,1
68442591_0_8506821153001360777.tar.gz.csv,0,3,0.001,1
68442591_0_8506821153001360777.tar.gz.csv,0,4,0.001,1
68442591_0_8506821153001360777.tar.gz.csv,0,5,0.001,1
45593932_0_6869375743660252130.tar.gz.csv,2,1,0.001,1
45593932_0_6869375743660252130.tar.gz.csv,2,2,0.001,1
45593932_0_6869375743660252130.tar.gz.csv,2,3,0.002,1
45593932_0_6869375743660252130.tar.gz.csv,2,4,0.047000000000000035,1
45593932_0_6869375743660252130.tar.gz.csv,2,5,0.08700000000000006,1
92896255_0_4593968708343548527.tar.gz.csv,0,1,0.001,1
92896255_0_4593968708343548527.tar.gz.csv,0,2,0.001,1
92896255_0_4593968708343548527.tar.gz.csv,0,3,0.007,1
92896255_0_4593968708343548527.tar.gz.csv,0,4,0.09000000000000007,1
92896255_0_4593968708343548527.tar.gz.csv,0,5,0.16000000000000011,1
22864497_0_8632623712684511496.tar.gz.csv,0,1,0.001,1
22864497_0_8632623712684511496.tar.gz.csv,0,2,0.001,1
22864497_0_8632623712684511496.tar.gz.csv,0,3,0.002,1
22864497_0_8632623712684511496.tar.gz.csv,0,4,0.03200000000000002,1
22864497_0_8632623712684511496.tar.gz.csv,0,5,0.06100000000000005,1
39606331_0_1646213676302448706.tar.gz.csv,0,1,0.001,1
39606331_0_1646213676302448706.tar.gz.csv,0,2,0.001,1
39606331_0_1646213676302448706.tar.gz.csv,0,3,0.001,1
39606331_0_1646213676302448706.tar.gz.csv,0,4,0.02100000000000001,1
39606331_0_1646213676302448706.tar.gz.csv,0,5,0.03900000000000003,1
28079336_2_2139598421036200532.tar.gz.csv,1,1,0.001,1
28079336_2_2139598421036200532.tar.gz.csv,1,2,0.001,1
28079336_2_2139598421036200532.tar.gz.csv,1,3,0.009000000000000001,1
28079336_2_2139598421036200532.tar.gz.csv,1,4,0.09400000000000007,1
28079336_2_2139598421036200532.tar.gz.csv,1,5,0.16600000000000012,1
32812626_0_5428724146873158593.tar.gz.csv,0,1,0.001,1
32812626_0_5428724146873158593.tar.gz.csv,0,2,0.001,1
32812626_0_5428724146873158593.tar.gz.csv,0,3,0.001,1
32812626_0_5428724146873158593.tar.gz.csv,0,4,0.011000000000000003,1
32812626_0_5428724146873158593.tar.gz.csv,0,5,0.02000000000000001,1
11278409_0_3742771475298785475.tar.gz.csv,1,1,0.001,1
11278409_0_3742771475298785475.tar.gz.csv,1,2,0.001,1
11278409_0_3742771475298785475.tar.gz.csv,1,3,0.012000000000000004,1
11278409_0_3742771475298785475.tar.gz.csv,1,4,0.11700000000000009,1
11278409_0_3742771475298785475.tar.gz.csv,1,5,0.20300000000000015,1
28494901_6_7026744149694237309.tar.gz.csv,2,1,0.001,2
28494901_6_7026744149694237309.tar.gz.csv,2,2,0.001,2
28494901_6_7026744149694237309.tar.gz.csv,2,3,0.04100000000000003,1
28494901_6_7026744149694237309.tar.gz.csv,2,4,0.2580000000000002,2
28494901_6_7026744149694237309.tar.gz.csv,2,5,0.4030000000000003,2
3917335_0_7791699395300625164.tar.gz.csv,0,1,0.001,1
3917335_0_7791699395300625164.tar.gz.csv,0,2,0.001,1
3917335_0_7791699395300625164.tar.gz.csv,0,3,0.002,1
3917335_0_7791699395300625164.tar.gz.csv,0,4,0.048000000000000036,1
3917335_0_7791699395300625164.tar.gz.csv,0,5,0.09000000000000007,1
24850757_0_5978004733768297283.tar.gz.csv,0,1,0.001,2
24850757_0_5978004733768297283.tar.gz.csv,0,2,0.001,2
24850757_0_5978004733768297283.tar.gz.csv,0,3,0.004,1
24850757_0_5978004733768297283.tar.gz.csv,0,4,0.12800000000000009,1
24850757_0_5978004733768297283.tar.gz.csv,0,5,0.22400000000000017,1
98458255_0_5873264818593370400.tar.gz.csv,0,1,0.001,1
98458255_0_5873264818593370400.tar.gz.csv,0,2,0.001,1
98458255_0_5873264818593370400.tar.gz.csv,0,3,0.001,1
98458255_0_5873264818593370400.tar.gz.csv,0,4,0.001,1
98458255_0_5873264818593370400.tar.gz.csv,0,5,0.001,1
44005578_0_5400481538370055338.tar.gz.csv,0,1,0.001,1
44005578_0_5400481538370055338.tar.gz.csv,0,2,0.001,1
44005578_0_5400481538370055338.tar.gz.csv,0,3,0.001,1
44005578_0_5400481538370055338.tar.gz.csv,0,4,0.02100000000000001,1
44005578_0_5400481538370055338.tar.gz.csv,0,5,0.03900000000000003,1
4730513_0_8573199053866072336.tar.gz.csv,1,1,0.001,1
4730513_0_8573199053866072336.tar.gz.csv,1,2,0.001,1
4730513_0_8573199053866072336.tar.gz.csv,1,3,0.003,1
4730513_0_8573199053866072336.tar.gz.csv,1,4,0.057000000000000044,1
4730513_0_8573199053866072336.tar.gz.csv,1,5,0.10500000000000008,1
49801939_0_6964113429298874283.tar.gz.csv,0,1,0.001,1
49801939_0_6964113429298874283.tar.gz.csv,0,2,0.001,1
49801939_0_6964113429298874283.tar.gz.csv,0,3,0.002,1
49801939_0_6964113429298874283.tar.gz.csv,0,4,0.03900000000000003,1
49801939_0_6964113429298874283.tar.gz.csv,0,5,0.07300000000000005,1
62564020_0_3836030043284699244.tar.gz.csv,0,1,0.006,1
62564020_0_3836030043284699244.tar.gz.csv,0,2,0.011000000000000003,1
62564020_0_3836030043284699244.tar.gz.csv,0,3,0.2610000000000002,1
62564020_0_3836030043284699244.tar.gz.csv,0,4,0.6060000000000004,2
62564020_0_3836030043284699244.tar.gz.csv,0,5,0.6950000000000005,3
9834884_0_3871985887467090123.tar.gz.csv,1,1,0.001,2
9834884_0_3871985887467090123.tar.gz.csv,1,2,0.001,1
9834884_0_3871985887467090123.tar.gz.csv,1,3,0.001,1
9834884_0_3871985887467090123.tar.gz.csv,1,4,0.022000000000000013,1
9834884_0_3871985887467090123.tar.gz.csv,1,5,0.04200000000000003,1
34899692_0_6530393048033763438.tar.gz.csv,0,1,0.001,3
34899692_0_6530393048033763438.tar.gz.csv,0,2,0.001,3
34899692_0_6530393048033763438.tar.gz.csv,0,3,0.006,1
34899692_0_6530393048033763438.tar.gz.csv,0,4,0.16400000000000012,1
34899692_0_6530393048033763438.tar.gz.csv,0,5,0.2790000000000002,1
49087820_0_461228320225084868.tar.gz.csv,0,1,0.001,20
49087820_0_461228320225084868.tar.gz.csv,0,2,0.001,18
49087820_0_461228320225084868.tar.gz.csv,0,3,0.004,2
49087820_0_461228320225084868.tar.gz.csv,0,4,0.34600000000000025,4
49087820_0_461228320225084868.tar.gz.csv,0,5,0.4870000000000004,5
33242247_1_7232384061498591611.tar.gz.csv,0,1,None,999
33242247_1_7232384061498591611.tar.gz.csv,0,2,None,999
33242247_1_7232384061498591611.tar.gz.csv,0,3,None,999
33242247_1_7232384061498591611.tar.gz.csv,0,4,None,999
33242247_1_7232384061498591611.tar.gz.csv,0,5,None,999
10151359_0_8168779773862259178.tar.gz.csv,0,1,0.001,1
10151359_0_8168779773862259178.tar.gz.csv,0,2,0.001,1
10151359_0_8168779773862259178.tar.gz.csv,0,3,0.004,1
10151359_0_8168779773862259178.tar.gz.csv,0,4,0.06900000000000005,1
10151359_0_8168779773862259178.tar.gz.csv,0,5,0.12600000000000008,1
36039980_4_4283009829602711082.tar.gz.csv,1,1,0.001,1
36039980_4_4283009829602711082.tar.gz.csv,1,2,0.001,1
36039980_4_4283009829602711082.tar.gz.csv,1,3,0.003,1
36039980_4_4283009829602711082.tar.gz.csv,1,4,0.06200000000000005,1
36039980_4_4283009829602711082.tar.gz.csv,1,5,0.11400000000000009,1
9206866_1_8114610355671172497.tar.gz.csv,0,1,0.001,2
9206866_1_8114610355671172497.tar.gz.csv,0,2,0.001,1
9206866_1_8114610355671172497.tar.gz.csv,0,3,0.004,1
9206866_1_8114610355671172497.tar.gz.csv,0,4,0.12800000000000009,1
9206866_1_8114610355671172497.tar.gz.csv,0,5,0.22500000000000017,1
54112392_0_160015365721559357.tar.gz.csv,0,1,0.001,1
54112392_0_160015365721559357.tar.gz.csv,0,2,0.001,1
54112392_0_160015365721559357.tar.gz.csv,0,3,0.005,1
54112392_0_160015365721559357.tar.gz.csv,0,4,0.09800000000000007,1
54112392_0_160015365721559357.tar.gz.csv,0,5,0.17600000000000013,1
28036255_0_5705563063166785494.tar.gz.csv,0,1,0.001,1
28036255_0_5705563063166785494.tar.gz.csv,0,2,0.001,1
28036255_0_5705563063166785494.tar.gz.csv,0,3,0.002,1
28036255_0_5705563063166785494.tar.gz.csv,0,4,0.05400000000000004,1
28036255_0_5705563063166785494.tar.gz.csv,0,5,0.10100000000000008,1
61069974_0_1894536874590565102.tar.gz.csv,0,1,0.001,21
61069974_0_1894536874590565102.tar.gz.csv,0,2,0.001,19
61069974_0_1894536874590565102.tar.gz.csv,0,3,0.004,3
61069974_0_1894536874590565102.tar.gz.csv,0,4,0.19800000000000015,5
61069974_0_1894536874590565102.tar.gz.csv,0,5,0.32900000000000024,5
25933880_0_4058554985574416690.tar.gz.csv,0,1,0.001,1
25933880_0_4058554985574416690.tar.gz.csv,0,2,0.001,1
25933880_0_4058554985574416690.tar.gz.csv,0,3,0.001,1
25933880_0_4058554985574416690.tar.gz.csv,0,4,0.022000000000000013,1
25933880_0_4058554985574416690.tar.gz.csv,0,5,0.04200000000000003,1
51130304_0_3035822254995425429.tar.gz.csv,0,1,0.001,3
51130304_0_3035822254995425429.tar.gz.csv,0,2,0.001,3
51130304_0_3035822254995425429.tar.gz.csv,0,3,0.002,1
51130304_0_3035822254995425429.tar.gz.csv,0,4,0.06600000000000004,1
51130304_0_3035822254995425429.tar.gz.csv,0,5,0.1230000000000001,1
39173938_0_7916056990138658530.tar.gz.csv,1,1,0.001,1
39173938_0_7916056990138658530.tar.gz.csv,1,2,0.001,1
39173938_0_7916056990138658530.tar.gz.csv,1,3,0.024000000000000014,1
39173938_0_7916056990138658530.tar.gz.csv,1,4,0.22300000000000017,1
39173938_0_7916056990138658530.tar.gz.csv,1,5,0.35500000000000026,1
70883081_0_5357790421435123524.tar.gz.csv,0,1,0.001,1
70883081_0_5357790421435123524.tar.gz.csv,0,2,0.001,1
70883081_0_5357790421435123524.tar.gz.csv,0,3,0.001,1
70883081_0_5357790421435123524.tar.gz.csv,0,4,0.003,1
70883081_0_5357790421435123524.tar.gz.csv,0,5,0.006,1
74491133_0_7177831100884797849.tar.gz.csv,0,1,0.001,1
74491133_0_7177831100884797849.tar.gz.csv,0,2,0.001,1
74491133_0_7177831100884797849.tar.gz.csv,0,3,0.002,1
74491133_0_7177831100884797849.tar.gz.csv,0,4,0.047000000000000035,1
74491133_0_7177831100884797849.tar.gz.csv,0,5,0.08800000000000006,1
66329615_0_3585856495110277641.tar.gz.csv,1,1,0.001,1
66329615_0_3585856495110277641.tar.gz.csv,1,2,0.001,1
66329615_0_3585856495110277641.tar.gz.csv,1,3,0.002,1
66329615_0_3585856495110277641.tar.gz.csv,1,4,0.03300000000000002,1
66329615_0_3585856495110277641.tar.gz.csv,1,5,0.06300000000000004,1
64092785_0_4696367782987533337.tar.gz.csv,0,1,0.001,1
64092785_0_4696367782987533337.tar.gz.csv,0,2,0.001,1
64092785_0_4696367782987533337.tar.gz.csv,0,3,0.007,1
64092785_0_4696367782987533337.tar.gz.csv,0,4,0.07400000000000005,1
64092785_0_4696367782987533337.tar.gz.csv,0,5,0.1320000000000001,1
63389809_0_8179819543692215824.tar.gz.csv,0,1,0.001,1
63389809_0_8179819543692215824.tar.gz.csv,0,2,0.001,1
63389809_0_8179819543692215824.tar.gz.csv,0,3,0.012000000000000004,1
63389809_0_8179819543692215824.tar.gz.csv,0,4,0.11900000000000009,1
63389809_0_8179819543692215824.tar.gz.csv,0,5,0.20600000000000016,1
68779923_5_2067037721454758189.tar.gz.csv,0,1,0.001,1
68779923_5_2067037721454758189.tar.gz.csv,0,2,0.001,1
68779923_5_2067037721454758189.tar.gz.csv,0,3,0.002,1
68779923_5_2067037721454758189.tar.gz.csv,0,4,0.04100000000000003,1
68779923_5_2067037721454758189.tar.gz.csv,0,5,0.07800000000000006,1
29857217_0_961038783966485949.tar.gz.csv,0,1,0.001,3
29857217_0_961038783966485949.tar.gz.csv,0,2,0.001,3
29857217_0_961038783966485949.tar.gz.csv,0,3,0.001,1
29857217_0_961038783966485949.tar.gz.csv,0,4,0.016000000000000007,1
29857217_0_961038783966485949.tar.gz.csv,0,5,0.03100000000000002,1
66009064_0_9148652238372261251.tar.gz.csv,0,1,0.001,1
66009064_0_9148652238372261251.tar.gz.csv,0,2,0.001,1
66009064_0_9148652238372261251.tar.gz.csv,0,3,0.002,1
66009064_0_9148652238372261251.tar.gz.csv,0,4,0.04100000000000003,1
66009064_0_9148652238372261251.tar.gz.csv,0,5,0.07600000000000005,1
29414811_6_8221428333921653560.tar.gz.csv,1,1,0.001,1
29414811_6_8221428333921653560.tar.gz.csv,1,2,0.001,1
29414811_6_8221428333921653560.tar.gz.csv,1,3,0.001,1
29414811_6_8221428333921653560.tar.gz.csv,1,4,0.001,1
29414811_6_8221428333921653560.tar.gz.csv,1,5,0.001,1
60319454_0_3938426910282115527.tar.gz.csv,0,1,0.003,1
60319454_0_3938426910282115527.tar.gz.csv,0,2,0.006,1
60319454_0_3938426910282115527.tar.gz.csv,0,3,0.16900000000000012,1
60319454_0_3938426910282115527.tar.gz.csv,0,4,0.5200000000000004,1
60319454_0_3938426910282115527.tar.gz.csv,0,5,0.44300000000000034,2
99070098_0_2074872741302696997.tar.gz.csv,1,1,0.001,1
99070098_0_2074872741302696997.tar.gz.csv,1,2,0.001,1
99070098_0_2074872741302696997.tar.gz.csv,1,3,0.002,1
99070098_0_2074872741302696997.tar.gz.csv,1,4,0.059000000000000045,1
99070098_0_2074872741302696997.tar.gz.csv,1,5,0.10900000000000008,1
21245481_0_8730460088443117515.tar.gz.csv,1,1,0.001,1
21245481_0_8730460088443117515.tar.gz.csv,1,2,0.001,1
21245481_0_8730460088443117515.tar.gz.csv,1,3,0.002,1
21245481_0_8730460088443117515.tar.gz.csv,1,4,0.04200000000000003,1
21245481_0_8730460088443117515.tar.gz.csv,1,5,0.07800000000000006,1
18422942_0_3659164506677528063.tar.gz.csv,0,1,0.03000000000000002,1
18422942_0_3659164506677528063.tar.gz.csv,0,2,0.057000000000000044,1
18422942_0_3659164506677528063.tar.gz.csv,0,3,0.35700000000000026,1
18422942_0_3659164506677528063.tar.gz.csv,0,4,0.5450000000000004,1
18422942_0_3659164506677528063.tar.gz.csv,0,5,0.6480000000000005,2
28079336_1_3124145965038277571.tar.gz.csv,1,1,0.001,1
28079336_1_3124145965038277571.tar.gz.csv,1,2,0.001,1
28079336_1_3124145965038277571.tar.gz.csv,1,3,0.011000000000000003,1
28079336_1_3124145965038277571.tar.gz.csv,1,4,0.11000000000000008,1
28079336_1_3124145965038277571.tar.gz.csv,1,5,0.19100000000000014,1
16949304_0_2573050770332101882.tar.gz.csv,0,1,0.001,1
16949304_0_2573050770332101882.tar.gz.csv,0,2,0.001,1
16949304_0_2573050770332101882.tar.gz.csv,0,3,0.001,1
16949304_0_2573050770332101882.tar.gz.csv,0,4,0.001,1
16949304_0_2573050770332101882.tar.gz.csv,0,5,0.001,1
56224555_0_3713922722778385817.tar.gz.csv,1,1,0.001,1
56224555_0_3713922722778385817.tar.gz.csv,1,2,0.001,1
56224555_0_3713922722778385817.tar.gz.csv,1,3,0.011000000000000003,1
56224555_0_3713922722778385817.tar.gz.csv,1,4,0.10400000000000008,1
56224555_0_3713922722778385817.tar.gz.csv,1,5,0.18100000000000013,1
91959037_0_7907661684242014480.tar.gz.csv,1,1,0.001,2
91959037_0_7907661684242014480.tar.gz.csv,1,2,0.001,1
91959037_0_7907661684242014480.tar.gz.csv,1,3,0.002,1
91959037_0_7907661684242014480.tar.gz.csv,1,4,0.04000000000000003,1
91959037_0_7907661684242014480.tar.gz.csv,1,5,0.07600000000000005,1
21362676_0_6854186738074119688.tar.gz.csv,1,1,0.001,1
21362676_0_6854186738074119688.tar.gz.csv,1,2,0.001,1
21362676_0_6854186738074119688.tar.gz.csv,1,3,0.024000000000000014,1
21362676_0_6854186738074119688.tar.gz.csv,1,4,0.22700000000000017,1
21362676_0_6854186738074119688.tar.gz.csv,1,5,0.36100000000000027,1
44206774_0_3810538885942465703.tar.gz.csv,1,1,0.001,1
44206774_0_3810538885942465703.tar.gz.csv,1,2,0.001,1
44206774_0_3810538885942465703.tar.gz.csv,1,3,0.001,1
44206774_0_3810538885942465703.tar.gz.csv,1,4,0.010000000000000002,1
44206774_0_3810538885942465703.tar.gz.csv,1,5,0.01800000000000001,1
89511064_0_2199624509082573904.tar.gz.csv,2,1,0.001,1
89511064_0_2199624509082573904.tar.gz.csv,2,2,0.001,1
89511064_0_2199624509082573904.tar.gz.csv,2,3,0.001,1
89511064_0_2199624509082573904.tar.gz.csv,2,4,0.036000000000000025,1
89511064_0_2199624509082573904.tar.gz.csv,2,5,0.06800000000000005,1
86747932_0_7532457067740920052.tar.gz.csv,1,1,0.001,2
86747932_0_7532457067740920052.tar.gz.csv,1,2,0.001,2
86747932_0_7532457067740920052.tar.gz.csv,1,3,0.001,1
86747932_0_7532457067740920052.tar.gz.csv,1,4,0.016000000000000007,1
86747932_0_7532457067740920052.tar.gz.csv,1,5,0.03000000000000002,1
41194422_1_1172256090552737974.tar.gz.csv,1,1,0.001,3
41194422_1_1172256090552737974.tar.gz.csv,1,2,0.001,2
41194422_1_1172256090552737974.tar.gz.csv,1,3,0.004,1
41194422_1_1172256090552737974.tar.gz.csv,1,4,0.1390000000000001,1
41194422_1_1172256090552737974.tar.gz.csv,1,5,0.2410000000000002,1
69381058_0_984708047398578866.tar.gz.csv,0,1,0.001,2
69381058_0_984708047398578866.tar.gz.csv,0,2,0.001,1
69381058_0_984708047398578866.tar.gz.csv,0,3,0.005,1
69381058_0_984708047398578866.tar.gz.csv,0,4,0.10000000000000007,1
69381058_0_984708047398578866.tar.gz.csv,0,5,0.17900000000000013,1
48944826_0_2321751364268052533.tar.gz.csv,2,1,0.001,1
48944826_0_2321751364268052533.tar.gz.csv,2,2,0.001,1
48944826_0_2321751364268052533.tar.gz.csv,2,3,0.002,1
48944826_0_2321751364268052533.tar.gz.csv,2,4,0.03000000000000002,1
48944826_0_2321751364268052533.tar.gz.csv,2,5,0.057000000000000044,1
93702496_0_39013305210829591.tar.gz.csv,1,1,0.001,1
93702496_0_39013305210829591.tar.gz.csv,1,2,0.001,1
93702496_0_39013305210829591.tar.gz.csv,1,3,0.012000000000000004,1
93702496_0_39013305210829591.tar.gz.csv,1,4,0.11500000000000009,1
93702496_0_39013305210829591.tar.gz.csv,1,5,0.19800000000000015,1
32460905_0_5195150472060854231.tar.gz.csv,0,1,0.001,1
32460905_0_5195150472060854231.tar.gz.csv,0,2,0.001,1
32460905_0_5195150472060854231.tar.gz.csv,0,3,0.001,1
32460905_0_5195150472060854231.tar.gz.csv,0,4,0.001,1
32460905_0_5195150472060854231.tar.gz.csv,0,5,0.001,1
48456557_0_3760853481322708783.tar.gz.csv,0,1,0.001,1
48456557_0_3760853481322708783.tar.gz.csv,0,2,0.002,1
48456557_0_3760853481322708783.tar.gz.csv,0,3,0.05100000000000004,1
48456557_0_3760853481322708783.tar.gz.csv,0,4,0.23100000000000018,1
48456557_0_3760853481322708783.tar.gz.csv,0,5,0.35400000000000026,1
52572391_0_8684896999787304275.tar.gz.csv,0,1,0.001,1
52572391_0_8684896999787304275.tar.gz.csv,0,2,0.001,1
52572391_0_8684896999787304275.tar.gz.csv,0,3,0.009000000000000001,1
52572391_0_8684896999787304275.tar.gz.csv,0,4,0.09800000000000007,1
52572391_0_8684896999787304275.tar.gz.csv,0,5,0.17200000000000013,1
68779923_4_1832350971585698643.tar.gz.csv,0,1,0.001,1
68779923_4_1832350971585698643.tar.gz.csv,0,2,0.001,1
68779923_4_1832350971585698643.tar.gz.csv,0,3,0.002,1
68779923_4_1832350971585698643.tar.gz.csv,0,4,0.05400000000000004,1
68779923_4_1832350971585698643.tar.gz.csv,0,5,0.10000000000000007,1
9475172_1_1023126399856690702.tar.gz.csv,1,1,0.001,1
9475172_1_1023126399856690702.tar.gz.csv,1,2,0.001,1
9475172_1_1023126399856690702.tar.gz.csv,1,3,0.005,1
9475172_1_1023126399856690702.tar.gz.csv,1,4,0.08600000000000006,1
9475172_1_1023126399856690702.tar.gz.csv,1,5,0.1550000000000001,1
21801207_0_8144839668470123042.tar.gz.csv,5,1,0.001,1
21801207_0_8144839668470123042.tar.gz.csv,5,2,0.001,1
21801207_0_8144839668470123042.tar.gz.csv,5,3,0.001,1
21801207_0_8144839668470123042.tar.gz.csv,5,4,0.001,1
21801207_0_8144839668470123042.tar.gz.csv,5,5,0.001,1
27466715_0_3913547177671701530.tar.gz.csv,0,1,0.001,1
27466715_0_3913547177671701530.tar.gz.csv,0,2,0.001,1
27466715_0_3913547177671701530.tar.gz.csv,0,3,0.002,1
27466715_0_3913547177671701530.tar.gz.csv,0,4,0.03100000000000002,1
27466715_0_3913547177671701530.tar.gz.csv,0,5,0.058000000000000045,1
26270372_1_3774607938887520564.tar.gz.csv,0,1,0.001,3
26270372_1_3774607938887520564.tar.gz.csv,0,2,0.001,3
26270372_1_3774607938887520564.tar.gz.csv,0,3,0.002,1
26270372_1_3774607938887520564.tar.gz.csv,0,4,0.06500000000000004,1
26270372_1_3774607938887520564.tar.gz.csv,0,5,0.1210000000000001,1
91474256_0_964747655387573523.tar.gz.csv,1,1,0.001,1
91474256_0_964747655387573523.tar.gz.csv,1,2,0.001,1
91474256_0_964747655387573523.tar.gz.csv,1,3,0.006,1
91474256_0_964747655387573523.tar.gz.csv,1,4,0.1220000000000001,1
91474256_0_964747655387573523.tar.gz.csv,1,5,0.21300000000000016,1
88353875_0_4876234304797064286.tar.gz.csv,0,1,0.001,1
88353875_0_4876234304797064286.tar.gz.csv,0,2,0.001,1
88353875_0_4876234304797064286.tar.gz.csv,0,3,0.002,1
88353875_0_4876234304797064286.tar.gz.csv,0,4,0.058000000000000045,1
88353875_0_4876234304797064286.tar.gz.csv,0,5,0.10800000000000008,1
78650283_0_5937576517849452289.tar.gz.csv,0,1,0.001,26
78650283_0_5937576517849452289.tar.gz.csv,0,2,0.001,24
78650283_0_5937576517849452289.tar.gz.csv,0,3,0.007,9
78650283_0_5937576517849452289.tar.gz.csv,0,4,0.44400000000000034,16
78650283_0_5937576517849452289.tar.gz.csv,0,5,0.6140000000000004,17
50270082_0_444360818941411589.tar.gz.csv,1,1,0.001,1
50270082_0_444360818941411589.tar.gz.csv,1,2,0.001,1
50270082_0_444360818941411589.tar.gz.csv,1,3,0.002,1
50270082_0_444360818941411589.tar.gz.csv,1,4,0.024000000000000014,1
50270082_0_444360818941411589.tar.gz.csv,1,5,0.04500000000000003,1
88523363_0_8180214313099580515.tar.gz.csv,0,1,0.001,1
88523363_0_8180214313099580515.tar.gz.csv,0,2,0.001,1
88523363_0_8180214313099580515.tar.gz.csv,0,3,0.004,1
88523363_0_8180214313099580515.tar.gz.csv,0,4,0.05100000000000004,1
88523363_0_8180214313099580515.tar.gz.csv,0,5,0.09300000000000007,1
69881946_0_1105130426898457358.tar.gz.csv,1,1,0.001,1
69881946_0_1105130426898457358.tar.gz.csv,1,2,0.001,1
69881946_0_1105130426898457358.tar.gz.csv,1,3,0.024000000000000014,1
69881946_0_1105130426898457358.tar.gz.csv,1,4,0.22900000000000018,1
69881946_0_1105130426898457358.tar.gz.csv,1,5,0.36400000000000027,1
53822652_0_5767892317858575530.tar.gz.csv,1,1,0.001,1
53822652_0_5767892317858575530.tar.gz.csv,1,2,0.001,1
53822652_0_5767892317858575530.tar.gz.csv,1,3,0.01900000000000001,1
53822652_0_5767892317858575530.tar.gz.csv,1,4,0.20000000000000015,1
53822652_0_5767892317858575530.tar.gz.csv,1,5,0.32500000000000023,1
55004961_0_2904467548072189860.tar.gz.csv,0,1,0.001,1
55004961_0_2904467548072189860.tar.gz.csv,0,2,0.001,1
55004961_0_2904467548072189860.tar.gz.csv,0,3,0.002,1
55004961_0_2904467548072189860.tar.gz.csv,0,4,0.05400000000000004,1
55004961_0_2904467548072189860.tar.gz.csv,0,5,0.10100000000000008,1
21585935_0_294037497010176843.tar.gz.csv,1,1,0.001,1
21585935_0_294037497010176843.tar.gz.csv,1,2,0.001,1
21585935_0_294037497010176843.tar.gz.csv,1,3,0.002,1
21585935_0_294037497010176843.tar.gz.csv,1,4,0.024000000000000014,1
21585935_0_294037497010176843.tar.gz.csv,1,5,0.04500000000000003,1
10579449_0_1681126353774891032.tar.gz.csv,1,1,0.001,1
10579449_0_1681126353774891032.tar.gz.csv,1,2,0.001,1
10579449_0_1681126353774891032.tar.gz.csv,1,3,0.001,1
10579449_0_1681126353774891032.tar.gz.csv,1,4,0.015000000000000006,1
10579449_0_1681126353774891032.tar.gz.csv,1,5,0.028000000000000018,1
1146722_1_7558140036342906956.tar.gz.csv,0,1,0.001,1
1146722_1_7558140036342906956.tar.gz.csv,0,2,0.001,1
1146722_1_7558140036342906956.tar.gz.csv,0,3,0.002,1
1146722_1_7558140036342906956.tar.gz.csv,0,4,0.059000000000000045,1
1146722_1_7558140036342906956.tar.gz.csv,0,5,0.10900000000000008,1
68779923_1_3240042497463101224.tar.gz.csv,0,1,0.001,1
68779923_1_3240042497463101224.tar.gz.csv,0,2,0.001,1
68779923_1_3240042497463101224.tar.gz.csv,0,3,0.001,1
68779923_1_3240042497463101224.tar.gz.csv,0,4,0.04000000000000003,1
68779923_1_3240042497463101224.tar.gz.csv,0,5,0.07500000000000005,1
80184932_0_4240003884724905487.tar.gz.csv,1,1,0.001,1
80184932_0_4240003884724905487.tar.gz.csv,1,2,0.001,1
80184932_0_4240003884724905487.tar.gz.csv,1,3,0.008,1
80184932_0_4240003884724905487.tar.gz.csv,1,4,0.07500000000000005,1
80184932_0_4240003884724905487.tar.gz.csv,1,5,0.1340000000000001,1
90325533_0_6668263142989366843.tar.gz.csv,0,1,0.001,1
90325533_0_6668263142989366843.tar.gz.csv,0,2,0.001,1
90325533_0_6668263142989366843.tar.gz.csv,0,3,0.001,1
90325533_0_6668263142989366843.tar.gz.csv,0,4,0.001,1
90325533_0_6668263142989366843.tar.gz.csv,0,5,0.001,1
98929678_0_3700213490979945526.tar.gz.csv,0,1,0.001,1
98929678_0_3700213490979945526.tar.gz.csv,0,2,0.001,1
98929678_0_3700213490979945526.tar.gz.csv,0,3,0.002,1
98929678_0_3700213490979945526.tar.gz.csv,0,4,0.03900000000000003,1
98929678_0_3700213490979945526.tar.gz.csv,0,5,0.07400000000000005,1
29021592_3_2299138476894681059.tar.gz.csv,0,1,0.001,2
29021592_3_2299138476894681059.tar.gz.csv,0,2,0.001,2
29021592_3_2299138476894681059.tar.gz.csv,0,3,0.002,1
29021592_3_2299138476894681059.tar.gz.csv,0,4,0.06900000000000005,1
29021592_3_2299138476894681059.tar.gz.csv,0,5,0.1290000000000001,1
75367212_2_2745466355267233390.tar.gz.csv,0,1,0.001,1
75367212_2_2745466355267233390.tar.gz.csv,0,2,0.001,1
75367212_2_2745466355267233390.tar.gz.csv,0,3,0.002,1
75367212_2_2745466355267233390.tar.gz.csv,0,4,0.03300000000000002,1
75367212_2_2745466355267233390.tar.gz.csv,0,5,0.06300000000000004,1
22987653_0_7774852112768859306.tar.gz.csv,1,1,0.001,1
22987653_0_7774852112768859306.tar.gz.csv,1,2,0.001,1
22987653_0_7774852112768859306.tar.gz.csv,1,3,0.002,1
22987653_0_7774852112768859306.tar.gz.csv,1,4,0.04200000000000003,1
22987653_0_7774852112768859306.tar.gz.csv,1,5,0.07800000000000006,1
76836443_2_249332777049648171.tar.gz.csv,0,1,0.001,1
76836443_2_249332777049648171.tar.gz.csv,0,2,0.001,1
76836443_2_249332777049648171.tar.gz.csv,0,3,0.004,1
76836443_2_249332777049648171.tar.gz.csv,0,4,0.06400000000000004,1
76836443_2_249332777049648171.tar.gz.csv,0,5,0.11800000000000009,1
72017594_0_7055198579167316152.tar.gz.csv,0,1,0.001,2
72017594_0_7055198579167316152.tar.gz.csv,0,2,0.001,2
72017594_0_7055198579167316152.tar.gz.csv,0,3,0.001,1
72017594_0_7055198579167316152.tar.gz.csv,0,4,0.024000000000000014,1
72017594_0_7055198579167316152.tar.gz.csv,0,5,0.04500000000000003,1
30645756_0_2413317245475669227.tar.gz.csv,0,1,0.001,1
30645756_0_2413317245475669227.tar.gz.csv,0,2,0.001,1
30645756_0_2413317245475669227.tar.gz.csv,0,3,0.001,1
30645756_0_2413317245475669227.tar.gz.csv,0,4,0.025000000000000015,1
30645756_0_2413317245475669227.tar.gz.csv,0,5,0.048000000000000036,1
55027702_0_628532586316851176.tar.gz.csv,0,1,0.001,2
55027702_0_628532586316851176.tar.gz.csv,0,2,0.001,2
55027702_0_628532586316851176.tar.gz.csv,0,3,0.001,1
55027702_0_628532586316851176.tar.gz.csv,0,4,0.015000000000000006,1
55027702_0_628532586316851176.tar.gz.csv,0,5,0.02900000000000002,1
61753761_9_4735181228515289890.tar.gz.csv,1,1,0.001,2
61753761_9_4735181228515289890.tar.gz.csv,1,2,0.001,2
61753761_9_4735181228515289890.tar.gz.csv,1,3,0.001,1
61753761_9_4735181228515289890.tar.gz.csv,1,4,0.001,1
61753761_9_4735181228515289890.tar.gz.csv,1,5,0.001,1
36102169_0_7739454799295072814.tar.gz.csv,2,1,0.001,1
36102169_0_7739454799295072814.tar.gz.csv,2,2,0.001,1
36102169_0_7739454799295072814.tar.gz.csv,2,3,0.002,1
36102169_0_7739454799295072814.tar.gz.csv,2,4,0.03300000000000002,1
36102169_0_7739454799295072814.tar.gz.csv,2,5,0.06300000000000004,1
46671561_0_6122315295162029872.tar.gz.csv,0,1,0.001,1
46671561_0_6122315295162029872.tar.gz.csv,0,2,0.001,1
46671561_0_6122315295162029872.tar.gz.csv,0,3,0.002,1
46671561_0_6122315295162029872.tar.gz.csv,0,4,0.036000000000000025,1
46671561_0_6122315295162029872.tar.gz.csv,0,5,0.06800000000000005,1
43237185_1_3636357855502246981.tar.gz.csv,0,1,0.001,1
43237185_1_3636357855502246981.tar.gz.csv,0,2,0.001,1
43237185_1_3636357855502246981.tar.gz.csv,0,3,0.001,1
43237185_1_3636357855502246981.tar.gz.csv,0,4,0.001,1
43237185_1_3636357855502246981.tar.gz.csv,0,5,0.001,1
61626303_0_266372209664087642.tar.gz.csv,1,1,0.001,2
61626303_0_266372209664087642.tar.gz.csv,1,2,0.001,2
61626303_0_266372209664087642.tar.gz.csv,1,3,0.003,1
61626303_0_266372209664087642.tar.gz.csv,1,4,0.060000000000000046,1
61626303_0_266372209664087642.tar.gz.csv,1,5,0.11100000000000008,1
30166286_0_1837439231599898748.tar.gz.csv,2,1,0.001,1
30166286_0_1837439231599898748.tar.gz.csv,2,2,0.001,1
30166286_0_1837439231599898748.tar.gz.csv,2,3,0.002,1
30166286_0_1837439231599898748.tar.gz.csv,2,4,0.03200000000000002,1
30166286_0_1837439231599898748.tar.gz.csv,2,5,0.060000000000000046,1
29886325_0_1448173912684571475.tar.gz.csv,1,1,0.001,1
29886325_0_1448173912684571475.tar.gz.csv,1,2,0.001,1
29886325_0_1448173912684571475.tar.gz.csv,1,3,0.006,1
29886325_0_1448173912684571475.tar.gz.csv,1,4,0.11700000000000009,1
29886325_0_1448173912684571475.tar.gz.csv,1,5,0.20500000000000015,1
19073331_0_2742992342272078110.tar.gz.csv,0,1,0.001,1
19073331_0_2742992342272078110.tar.gz.csv,0,2,0.001,1
19073331_0_2742992342272078110.tar.gz.csv,0,3,0.001,1
19073331_0_2742992342272078110.tar.gz.csv,0,4,0.01900000000000001,1
19073331_0_2742992342272078110.tar.gz.csv,0,5,0.037000000000000026,1
13395751_3_369722706637560735.tar.gz.csv,0,1,0.001,3
13395751_3_369722706637560735.tar.gz.csv,0,2,0.001,2
13395751_3_369722706637560735.tar.gz.csv,0,3,0.002,1
13395751_3_369722706637560735.tar.gz.csv,0,4,0.04200000000000003,1
13395751_3_369722706637560735.tar.gz.csv,0,5,0.07900000000000006,1
45533669_1_7463037039059239824.tar.gz.csv,0,1,0.001,1
45533669_1_7463037039059239824.tar.gz.csv,0,2,0.001,1
45533669_1_7463037039059239824.tar.gz.csv,0,3,0.002,1
45533669_1_7463037039059239824.tar.gz.csv,0,4,0.048000000000000036,1
45533669_1_7463037039059239824.tar.gz.csv,0,5,0.08900000000000007,1
80588006_0_6965325215443683359.tar.gz.csv,1,1,0.001,1
80588006_0_6965325215443683359.tar.gz.csv,1,2,0.001,1
80588006_0_6965325215443683359.tar.gz.csv,1,3,0.001,1
80588006_0_6965325215443683359.tar.gz.csv,1,4,0.014000000000000005,1
80588006_0_6965325215443683359.tar.gz.csv,1,5,0.026000000000000016,1
52299421_0_4473286348258170200.tar.gz.csv,1,1,0.001,2
52299421_0_4473286348258170200.tar.gz.csv,1,2,0.001,1
52299421_0_4473286348258170200.tar.gz.csv,1,3,0.005,1
52299421_0_4473286348258170200.tar.gz.csv,1,4,0.1490000000000001,1
52299421_0_4473286348258170200.tar.gz.csv,1,5,0.2570000000000002,1
5972322_0_3150366936082777235.tar.gz.csv,0,1,0.001,12
5972322_0_3150366936082777235.tar.gz.csv,0,2,0.001,7
5972322_0_3150366936082777235.tar.gz.csv,0,3,0.001,5
5972322_0_3150366936082777235.tar.gz.csv,0,4,0.001,4
5972322_0_3150366936082777235.tar.gz.csv,0,5,0.001,4
28086084_0_3127660530989916727.tar.gz.csv,0,1,0.001,2
28086084_0_3127660530989916727.tar.gz.csv,0,2,0.001,2
28086084_0_3127660530989916727.tar.gz.csv,0,3,0.001,2
28086084_0_3127660530989916727.tar.gz.csv,0,4,0.037000000000000026,2
28086084_0_3127660530989916727.tar.gz.csv,0,5,0.07100000000000005,2
58891288_0_1117541047012405958.tar.gz.csv,1,1,0.001,1
58891288_0_1117541047012405958.tar.gz.csv,1,2,0.001,1
58891288_0_1117541047012405958.tar.gz.csv,1,3,0.028000000000000018,1
58891288_0_1117541047012405958.tar.gz.csv,1,4,0.25500000000000017,1
58891288_0_1117541047012405958.tar.gz.csv,1,5,0.3970000000000003,1
78891639_0_3299957631631122948.tar.gz.csv,1,1,0.001,1
78891639_0_3299957631631122948.tar.gz.csv,1,2,0.001,1
78891639_0_3299957631631122948.tar.gz.csv,1,3,0.006,1
78891639_0_3299957631631122948.tar.gz.csv,1,4,0.12600000000000008,1
78891639_0_3299957631631122948.tar.gz.csv,1,5,0.22000000000000017,1
24036779_0_5608105867560183058.tar.gz.csv,0,1,0.001,1
24036779_0_5608105867560183058.tar.gz.csv,0,2,0.001,1
24036779_0_5608105867560183058.tar.gz.csv,0,3,0.004,1
24036779_0_5608105867560183058.tar.gz.csv,0,4,0.1370000000000001,1
24036779_0_5608105867560183058.tar.gz.csv,0,5,0.23800000000000018,1
42764224_0_515744189130384109.tar.gz.csv,0,1,0.001,1
42764224_0_515744189130384109.tar.gz.csv,0,2,0.001,1
42764224_0_515744189130384109.tar.gz.csv,0,3,0.001,1
42764224_0_515744189130384109.tar.gz.csv,0,4,0.003,1
42764224_0_515744189130384109.tar.gz.csv,0,5,0.006,1
69537082_0_7789694313271016902.tar.gz.csv,1,1,0.001,2
69537082_0_7789694313271016902.tar.gz.csv,1,2,0.001,2
69537082_0_7789694313271016902.tar.gz.csv,1,3,0.004,1
69537082_0_7789694313271016902.tar.gz.csv,1,4,0.1370000000000001,1
69537082_0_7789694313271016902.tar.gz.csv,1,5,0.23900000000000018,1
73242003_5_4847571983313033360.tar.gz.csv,1,1,0.001,1
73242003_5_4847571983313033360.tar.gz.csv,1,2,0.001,1
73242003_5_4847571983313033360.tar.gz.csv,1,3,0.001,1
73242003_5_4847571983313033360.tar.gz.csv,1,4,0.001,1
73242003_5_4847571983313033360.tar.gz.csv,1,5,0.001,1
84575189_0_6365692015941409487.tar.gz.csv,2,1,0.001,3
84575189_0_6365692015941409487.tar.gz.csv,2,2,0.001,2
84575189_0_6365692015941409487.tar.gz.csv,2,3,0.001,1
84575189_0_6365692015941409487.tar.gz.csv,2,4,0.022000000000000013,1
84575189_0_6365692015941409487.tar.gz.csv,2,5,0.04300000000000003,1
46646666_0_5802598112171303204.tar.gz.csv,0,1,0.001,2
46646666_0_5802598112171303204.tar.gz.csv,0,2,0.001,2
46646666_0_5802598112171303204.tar.gz.csv,0,3,0.001,1
46646666_0_5802598112171303204.tar.gz.csv,0,4,0.016000000000000007,1
46646666_0_5802598112171303204.tar.gz.csv,0,5,0.03000000000000002,1
3389822_6_374624044314151266.tar.gz.csv,1,1,0.001,1
3389822_6_374624044314151266.tar.gz.csv,1,2,0.001,1
3389822_6_374624044314151266.tar.gz.csv,1,3,0.003,1
3389822_6_374624044314151266.tar.gz.csv,1,4,0.057000000000000044,1
3389822_6_374624044314151266.tar.gz.csv,1,5,0.10600000000000008,1
11599512_1_280388135214354946.tar.gz.csv,0,1,0.001,1
11599512_1_280388135214354946.tar.gz.csv,0,2,0.001,1
11599512_1_280388135214354946.tar.gz.csv,0,3,0.002,1
11599512_1_280388135214354946.tar.gz.csv,0,4,0.058000000000000045,1
11599512_1_280388135214354946.tar.gz.csv,0,5,0.10900000000000008,1
28993628_1_6072768612274729703.tar.gz.csv,1,1,0.001,1
28993628_1_6072768612274729703.tar.gz.csv,1,2,0.001,1
28993628_1_6072768612274729703.tar.gz.csv,1,3,0.002,1
28993628_1_6072768612274729703.tar.gz.csv,1,4,0.05500000000000004,1
28993628_1_6072768612274729703.tar.gz.csv,1,5,0.10200000000000008,1
84675086_0_6386416780680710863.tar.gz.csv,0,1,0.001,1
84675086_0_6386416780680710863.tar.gz.csv,0,2,0.001,1
84675086_0_6386416780680710863.tar.gz.csv,0,3,0.001,1
84675086_0_6386416780680710863.tar.gz.csv,0,4,0.023000000000000013,1
84675086_0_6386416780680710863.tar.gz.csv,0,5,0.04500000000000003,1
15700884_0_8204220284166767221.tar.gz.csv,0,1,0.001,1
15700884_0_8204220284166767221.tar.gz.csv,0,2,0.001,1
15700884_0_8204220284166767221.tar.gz.csv,0,3,0.012000000000000004,1
15700884_0_8204220284166767221.tar.gz.csv,0,4,0.11400000000000009,1
15700884_0_8204220284166767221.tar.gz.csv,0,5,0.19700000000000015,1
93078729_0_1451251196788678526.tar.gz.csv,0,1,0.001,1
93078729_0_1451251196788678526.tar.gz.csv,0,2,0.001,1
93078729_0_1451251196788678526.tar.gz.csv,0,3,0.002,1
93078729_0_1451251196788678526.tar.gz.csv,0,4,0.03000000000000002,1
93078729_0_1451251196788678526.tar.gz.csv,0,5,0.058000000000000045,1
12746760_0_6703465836620308483.tar.gz.csv,0,1,0.001,1
12746760_0_6703465836620308483.tar.gz.csv,0,2,0.001,1
12746760_0_6703465836620308483.tar.gz.csv,0,3,0.001,1
12746760_0_6703465836620308483.tar.gz.csv,0,4,0.02100000000000001,1
12746760_0_6703465836620308483.tar.gz.csv,0,5,0.03900000000000003,1
7929299_0_3253718003116029649.tar.gz.csv,1,1,0.001,1
7929299_0_3253718003116029649.tar.gz.csv,1,2,0.001,1
7929299_0_3253718003116029649.tar.gz.csv,1,3,0.002,1
7929299_0_3253718003116029649.tar.gz.csv,1,4,0.024000000000000014,1
7929299_0_3253718003116029649.tar.gz.csv,1,5,0.04500000000000003,1
33167985_0_5220049369716352813.tar.gz.csv,0,1,0.001,13
33167985_0_5220049369716352813.tar.gz.csv,0,2,0.001,11
33167985_0_5220049369716352813.tar.gz.csv,0,3,0.001,4
33167985_0_5220049369716352813.tar.gz.csv,0,4,0.001,4
33167985_0_5220049369716352813.tar.gz.csv,0,5,0.001,4
97941125_0_8220652154649529701.tar.gz.csv,0,1,0.001,22
97941125_0_8220652154649529701.tar.gz.csv,0,2,0.001,21
97941125_0_8220652154649529701.tar.gz.csv,0,3,0.008,5
97941125_0_8220652154649529701.tar.gz.csv,0,4,0.36500000000000027,9
97941125_0_8220652154649529701.tar.gz.csv,0,5,0.5340000000000004,9
8468806_0_4382447409703007384.tar.gz.csv,1,1,0.001,4
8468806_0_4382447409703007384.tar.gz.csv,1,2,0.001,4
8468806_0_4382447409703007384.tar.gz.csv,1,3,0.001,3
8468806_0_4382447409703007384.tar.gz.csv,1,4,0.001,3
8468806_0_4382447409703007384.tar.gz.csv,1,5,0.001,3
49772588_0_6549847739640234347.tar.gz.csv,4,1,0.001,3
49772588_0_6549847739640234347.tar.gz.csv,4,2,0.001,2
49772588_0_6549847739640234347.tar.gz.csv,4,3,0.004,1
49772588_0_6549847739640234347.tar.gz.csv,4,4,0.1480000000000001,1
49772588_0_6549847739640234347.tar.gz.csv,4,5,0.25600000000000017,1
14067031_0_559833072073397908.tar.gz.csv,0,1,0.001,1
14067031_0_559833072073397908.tar.gz.csv,0,2,0.001,1
14067031_0_559833072073397908.tar.gz.csv,0,3,0.002,1
14067031_0_559833072073397908.tar.gz.csv,0,4,0.04200000000000003,1
14067031_0_559833072073397908.tar.gz.csv,0,5,0.08000000000000006,1
48805028_0_8933391169600128370.tar.gz.csv,0,1,0.001,1
48805028_0_8933391169600128370.tar.gz.csv,0,2,0.001,1
48805028_0_8933391169600128370.tar.gz.csv,0,3,0.001,1
48805028_0_8933391169600128370.tar.gz.csv,0,4,0.026000000000000016,1
48805028_0_8933391169600128370.tar.gz.csv,0,5,0.05000000000000004,1
41336118_0_4331895026409635103.tar.gz.csv,0,1,0.001,1
41336118_0_4331895026409635103.tar.gz.csv,0,2,0.001,1
41336118_0_4331895026409635103.tar.gz.csv,0,3,0.009000000000000001,1
41336118_0_4331895026409635103.tar.gz.csv,0,4,0.09100000000000007,1
41336118_0_4331895026409635103.tar.gz.csv,0,5,0.1590000000000001,1
68779923_0_3859283110041832023.tar.gz.csv,0,1,0.001,1
68779923_0_3859283110041832023.tar.gz.csv,0,2,0.001,1
68779923_0_3859283110041832023.tar.gz.csv,0,3,0.002,1
68779923_0_3859283110041832023.tar.gz.csv,0,4,0.046000000000000034,1
68779923_0_3859283110041832023.tar.gz.csv,0,5,0.08700000000000006,1
